:020000040800F2
:10000000B0C50020351F0108E51B0108E71B0108EA
:10001000E91B0108EB1B0108ED1B010800000000B3
:100020000000000000000000000000000FF80008C1
:10003000EF1B010800000000C9F70008F11B0108D0
:100040002D20010831200108352001083920010840
:100050003D200108412001084520010849200108F0
:10006000091C01084D2001085120010855200108F4
:10007000592001085D2001080F1C0108151C01080A
:100080006120010865200108692001086D20010830
:100090007120010875200108792001087D200108E0
:1000A0008120010885200108892001088D20010890
:1000B0009120010895200108992001089D20010840
:1000C000A1200108A5200108A9200108AD200108F0
:1000D000B1200108B5200108B9200108BD200108A0
:1000E000C1200108C5200108C9200108CD20010850
:1000F000D1200108D5200108D9200108DD20010800
:10010000E1200108E5200108E9200108ED200108AF
:100110001B1C0108F1200108211C0108F520010821
:10012000271C0108F9200108FD2001082D1C0108E9
:1001300001210108331C01080521010809210108DA
:100140000D210108112101081521010819210108BB
:100150001D2101082121010825210108292101086B
:100160002D2101083121010835210108392101081B
:100170003D2101084121010845210108000000003E
:10018000492101080B000B000C000C000D000D00B4
:100190000D000E000E000F000F00100010001100E7
:1001A00011001200120013001300140014001500B7
:1001B00015001600170017001800180019001A0083
:1001C0001A001B001C001C001D001E001E001F004A
:1001D000200020002100220023002300240025000D
:1001E000260027002700280029002A002B002C00C9
:1001F0002D002E002E002F00300031003200330081
:100200003400350036003700380039003A003B0032
:100210003D003E003F0040004100420043004500D9
:1002200046004700480049004B004C004D004F007D
:1002300050005100530054005500570058005A0018
:100240005B005C005E005F006100620064006600AD
:10025000670069006A006C006E006F007100730037
:100260007400760078007A007B007D007F008100BA
:1002700083008500870088008A008C008E00900033
:1002800092009400970099009B009D009F00A100A0
:10029000A300A600A800AA00AC00AF00B100B30004
:1002A000B600B800BB00BD00C000C200C500C7005A
:1002B000CA00CC00CF00D100D400D700DA00DC00A7
:1002C000DF00E200E500E700EA00ED00F000F300E7
:1002D000F600F900FC00FF000201050108010C0115
:1002E0000F011201150118011C011F012201260135
:1002F00029012D013001340137013B013E0142014A
:10030000460149014D015101550158015C0160014F
:10031000640168016C017001740178017C01800145
:10032000840189018D01910196019A019E01A30129
:10033000A701AC01B001B501B901BE01C301C701FC
:10034000CC01D101D601DA01DF01E401E901EE01BE
:10035000F301F801FD01030208020D021202180266
:100360001D02220228022D02330238023E024402FC
:1003700049024F0255025A02600266026C02720282
:1003800078027E0284028A02910297029D02A402F0
:10039000AA02B002B702BD02C402CA02D102D80248
:1003A000DF02E502EC02F302FA02010308030F0385
:1003B00016031D0325032C0333033B0342034903A8
:1003C0005103590360036803700377037F038703B6
:1003D0008F0397039F03A703AF03B703C003C803AB
:1003E000D003D903E103EA03F203FB0304040C0482
:1003F00015041E0427043004390442044B04540439
:100400005E04670470047A0483048D049604A004D7
:10041000AA04B404BD04C704D104DB04E504F00459
:10042000FA0404050E05190523052E0538054305B4
:100430004E05590563056E05790584058F059B05F5
:10044000A605B105BC05C805D305DF05EB05F60516
:1004500002060E061A06260632063E064A0656060C
:1004600063066F067C0688069506A106AE06BB06E7
:10047000C806D506E206EF06FC060907170724079B
:1004800032073F074D075A07680776078407920728
:10049000A007AE07BC07CB07D907E707F607050893
:1004A00013082208310840084F085E086D087C08D0
:1004B0008C089B08AA08BA08CA08D908E908F908EC
:1004C00009091909290939094A095A096B097B09D6
:1004D0008C099C09AD09BE09CF09E009F109030A9D
:1004E000140A250A370A480A5A0A6C0A7D0A8F0A32
:1004F000A10AB40AC60AD80AEA0AFD0A0F0B220B9F
:10050000350B470B5A0B6D0B800B940BA70BBA0BDB
:10051000CE0BE10BF50B090C1C0C300C440C580CE9
:100520006D0C810C950CAA0CBE0CD30CE80CFD0CC8
:10053000120D270D3C0D510D660D7C0D910DA70D73
:10054000BD0DD20DE80DFE0D140E2B0E410E570EF3
:100550006E0E850E9B0EB20EC90EE00EF70E0E0F3C
:10056000260F3D0F550F6C0F840F9C0FB40FCC0F4F
:10057000E40FFC0F15102D1046105E107710901030
:10058000A910C210DB10F5100E11271141115B11DB
:1005900075118F11A911C311DD11F71112122C124F
:1005A000471262127D129812B312CE12EA1205138C
:1005B00021133C13581374139013AC13C813E51391
:1005C00001141E143B14571474149114AF14CC145A
:1005D000E91407152415421560157E159C15BA15EA
:1005E000D815F71515163416531671169016B01641
:1005F000CF16EE160E172D174D176D178D17AD1759
:10060000CD17ED170D182E184F186F189018B11838
:10061000D218F4181519361958197A199C19BE19D7
:10062000E019021A241A471A691A8C1AAF1AD21A38
:10063000F51A181B3B1B5F1B821BA61BCA1BEE1B5C
:10064000121C361C5A1C7E1CA31CC81CEC1C111D41
:10065000361D5C1D811DA61DCC1DF11D171E3D1EE6
:10066000631E891EB01ED61EFD1E231F4A1F711F4A
:10067000981FBF1FE71F0E2036205D208520AD206C
:10068000D520FD2026214E2177219F21C821F1214F
:100690001A2243226D229622C022EA2214233E23EC
:1006A00068239223BC23E72311243C24672492244B
:1006B000BD24E924142540256B259725C325EF2566
:1006C0001B2648267426A126CD26FA26272754273E
:1006D0008227AF27DD270A28382866289428C228D1
:1006E000F0281F294D297C29AB29DA29092A382A23
:1006F000682A972AC72AF62A262B562B862BB72B31
:10070000E72B182C482C792CAA2CDB2C0C2D3E2DF9
:100710006F2DA12DD22D042E362E682E9B2ECD2E80
:10072000002F322F652F982FCB2FFE2F32306530C0
:100730009930CC300031343168319C31D1310532BF
:100740003A326F32A332D9320E3343337833AE3379
:10075000E43319344F348534BC34F23428355F35F2
:100760009635CD3504363B367236A936E136183724
:1007700050378837C037F83731386938A138DA3818
:1007800013394C398539BE39F739313A6A3AA43AC6
:10079000DE3A183B523B8C3BC73B013C3C3C763C31
:1007A000B13CEC3C273D633D9E3DD93D153E513E5D
:1007B0008D3EC93E053F413F7D3FBA3FF73F334045
:1007C0007040AD40EA4028416541A241E0411E42EF
:1007D0005C429A42D842164354439343D243104456
:1007E0004F448E44CD440C454C458B45CB450B4680
:1007F0004A468A46CA460B474B478B47CC470D486B
:100800004D488E48CF48114952499349D549164A17
:10081000584A9A4ADC4A1E4B604BA24BE54B274C88
:100820006A4CAD4CF04C334D764DB94DFD4D404EBC
:10083000844EC74E0B4F4F4F934FD74F1C506050B5
:10084000A450E9502E517351B751FC514252875276
:10085000CC52125357539D53E35329546F54B554FC
:10086000FB5441558855CE5515565C56A356EA564D
:1008700031577857BF5706584E589658DD58255966
:100880006D59B559FD59455A8D5AD65A1E5B675B4D
:10089000B05BF85B415C8A5CD35C1C5D665DAF5D00
:1008A000F95D425E8C5ED55E1F5F695FB35FFD5F81
:1008B00048609260DC6027617161BC6107625262CE
:1008C0009D62E86233637E63C96314646064AB64F1
:1008D000F76443658F65DB6526667366BF660B67E5
:1008E0005767A467F0673D688968D66823697069AF
:1008F000BC690A6A576AA46AF16A3E6B8C6BD96B51
:10090000276C746CC26C106D5E6DAC6DFA6D486EC8
:10091000966EE46E326F816FCF6F1E706C70BB701D
:100920000A715871A771F67145729472E37232734D
:100930008173D17320746F74BF740E755E75AE755C
:10094000FD754D769D76ED763D778D77DD772D784B
:100950007D78CD781E796E79BE790F7A5F7AB07A1C
:10096000007B517BA27BF27B437C947CE57C367DD3
:10097000877DD87D297E7A7ECB7E1C7F6D7FBF7F71
:1009800010806180B38004815681A781F9814A82F9
:100990009C82ED823F839183E38334848684D88470
:1009A0002A857C85CE8520867286C48616876887D0
:1009B000BA870C885F88B18803895589A889FA8924
:1009C0004C8A9F8AF18A438B968BE88B3B8C8D8C6B
:1009D000E08C328D858DD78D2A8E7C8ECF8E218FA7
:1009E000748FC78F19906C90BE9011916491B691DD
:1009F00009925C92AF9201935493A793F9934C940C
:100A00009F94F19444959795EA953C968F96E2963B
:100A100034978797DA972C987F98D298249977996A
:100A2000CA991C9A6F9AC29A149B679BB99B0C9C9B
:100A30005F9CB19C049D569DA99DFB9D4E9EA09ED2
:100A4000F29E459F979FEA9F3CA08EA0E0A033A115
:100A500085A1D7A129A27BA2CEA220A372A3C4A361
:100A600016A468A4BAA40CA55EA5AFA501A653A6BA
:100A7000A5A6F6A648A79AA7EBA73DA88EA8E0A82A
:100A800031A983A9D4A925AA76AAC8AA19AB6AABA9
:100A9000BBAB0CAC5DACAEACFFAC4FADA0ADF1AD43
:100AA00042AE92AEE3AE33AF84AFD4AF24B074B0F5
:100AB000C5B015B165B1B5B105B255B2A5B2F4B2C4
:100AC00044B394B3E3B333B482B4D1B421B570B5B5
:100AD000BFB50EB65DB6ACB6FBB64AB798B7E7B7CA
:100AE00036B884B8D3B821B96FB9BDB90BBA59BA01
:100AF000A7BAF5BA43BB91BBDEBB2CBC79BCC6BC64
:100B000014BD61BDAEBDFBBD48BE94BEE1BE2EBFEF
:100B10007ABFC7BF13C05FC0ABC0F7C043C18FC1AE
:100B2000DBC126C272C2BDC209C354C39FC3EAC39C
:100B300035C480C4CAC415C55FC5AAC5F4C53EC6C0
:100B400088C6D2C61CC766C7AFC7F9C742C88BC81C
:100B5000D4C81DC966C9AFC9F8C940CA89CAD1CAB3
:100B600019CB61CBA9CBF1CB38CC80CCC7CC0FCD86
:100B700056CD9DCDE4CD2ACE71CEB8CEFECE44CF9B
:100B80008ACFD0CF16D05CD0A1D0E7D02CD171D1F4
:100B9000B6D1FBD140D284D2C9D20DD351D395D393
:100BA000D9D31DD461D4A4D4E7D42AD56DD5B0D57A
:100BB000F3D536D678D6BAD6FCD63ED780D7C2D7AC
:100BC00003D844D886D8C7D807D948D989D9C9D92C
:100BD00009DA49DA89DAC9DA08DB48DB87DBC6DB00
:100BE00005DC44DC82DCC1DCFFDC3DDD7BDDB9DD26
:100BF000F6DD34DE71DEAEDEEBDE27DF64DFA0DFA4
:100C0000DCDF18E054E090E0CBE007E142E17DE179
:100C1000B7E1F2E12CE267E2A1E2DAE214E34EE3AB
:100C200087E3C0E3F9E331E46AE4A2E4DBE412E53C
:100C30004AE582E5B9E5F0E527E65EE695E6CBE62E
:100C400002E738E76DE7A3E7D8E70EE843E878E87E
:100C5000ACE8E1E815E949E97DE9B1E9E4E917EA39
:100C60004AEA7DEAB0EAE2EA14EB46EB78EBAAEB5B
:100C7000DBEB0CEC3DEC6EEC9FECCFECFFEC2FEDE6
:100C80005FED8EEDBEEDEDED1CEE4AEE79EEA7EEDA
:100C9000D5EE03EF30EF5EEF8BEFB8EFE4EF11F03E
:100CA0003DF069F095F0C1F0ECF017F142F16DF113
:100CB00097F1C2F1ECF115F23FF268F292F2BAF25A
:100CC000E3F20CF334F35CF384F3ABF3D3F3FAF312
:100CD00020F447F46DF494F4BAF4DFF405F52AF542
:100CE0004FF574F598F5BDF5E1F504F628F64BF6E9
:100CF0006FF691F6B4F6D6F6F9F61BF73CF75EF709
:100D00007FF7A0F7C1F7E1F701F821F841F861F8A2
:100D100080F89FF8BEF8DCF8FBF819F937F954F9B8
:100D200072F98FF9ABF9C8F9E4F901FA1CFA38FA4B
:100D300053FA6EFA89FAA4FABEFAD8FAF2FA0CFB60
:100D400025FB3EFB57FB70FB88FBA0FBB8FBD0FBF1
:100D5000E7FBFEFB15FC2CFC42FC58FC6EFC84FC03
:100D600099FCAEFCC3FCD8FCECFC00FD14FD27FD97
:100D70003BFD4EFD61FD73FD85FD97FDA9FDBBFDAE
:100D8000CCFDDDFDEEFDFEFD0EFE1EFE2EFE3EFE4A
:100D90004DFE5CFE6AFE79FE87FE95FEA2FEB0FE69
:100DA000BDFECAFED6FEE3FEEFFEFBFE06FF11FF10
:100DB0001CFF27FF32FF3CFF46FF50FF59FF62FF39
:100DC0006BFF74FF7CFF85FF8CFF94FF9BFFA3FFED
:100DD000A9FFB0FFB6FFBCFFC2FFC8FFCDFFD2FF27
:100DE000D7FFDBFFDFFFE3FFE7FFEAFFEEFFF1FFE7
:100DF000F3FFF6FFF8FFF9FFFBFFFCFFFDFFFEFF2F
:100E0000FFFFFFFFFFFFFFFFFEFFFDFFFCFFFBFFFC
:100E1000F9FFF8FFF6FFF3FFF1FFEEFFEAFFE7FF50
:100E2000E3FFDFFFDBFFD7FFD2FFCDFFC8FFC2FF2D
:100E3000BCFFB6FFB0FFA9FFA3FF9BFF94FF8CFF91
:100E400085FF7CFF74FF6BFF62FF59FF50FF46FF79
:100E50003CFF32FF27FF1CFF11FF06FFFBFEEFFEEA
:100E6000E3FED6FECAFEBDFEB0FEA2FE95FE87FEE4
:100E700079FE6AFE5CFE4DFE3EFE2EFE1EFE0EFE5E
:100E8000FEFDEEFDDDFDCCFDBBFDA9FD97FD85FD65
:100E900073FD61FD4EFD3BFD27FD14FD00FDECFCE7
:100EA000D8FCC3FCAEFC99FC84FC6EFC58FC42FCF4
:100EB0002CFC15FCFEFBE7FBD0FBB8FBA0FB88FB82
:100EC00070FB57FB3EFB25FB0CFBF2FAD8FABEFA8F
:100ED000A4FA89FA6EFA53FA38FA1CFA01FAE4F91C
:100EE000C8F9ABF98FF972F954F937F919F9FBF828
:100EF000DCF8BEF89FF880F861F841F821F801F8B5
:100F0000E1F7C1F7A0F77FF75EF73CF71BF7F9F6BB
:100F1000D6F6B4F691F66FF64BF628F604F6E1F540
:100F2000BDF598F574F54FF52AF505F5DFF4BAF43B
:100F300094F46DF447F420F4FAF3D3F3ABF384F3B1
:100F40005CF334F30CF3E3F2BAF292F268F23FF29C
:100F500015F2ECF1C2F197F16DF142F117F1ECF0FD
:100F6000C1F095F069F03DF011F0E4EFB8EF8BEFD0
:100F70005EEF30EF03EFD5EEA7EE79EE4AEE1CEE12
:100F8000EDEDBEED8EED5FED2FEDFFECCFEC9FECC8
:100F90006EEC3DEC0CECDBEBAAEB78EB46EB14EBE8
:100FA000E2EAB0EA7DEA4AEA17EAE4E9B1E97DE972
:100FB00049E915E9E1E8ACE878E843E80EE8D8E764
:100FC000A3E76DE738E702E7CBE695E65EE627E6BE
:100FD000F0E5B9E582E54AE512E5DBE4A2E46AE47E
:100FE00031E4F9E3C0E387E34EE314E3DAE2A1E29C
:100FF00067E22CE2F2E1B7E17DE142E107E1CBE01B
:1010000090E054E018E0DCDFA0DF64DF27DFEBDEF8
:10101000AEDE71DE34DEF6DDB9DD7BDD3DDDFFDC2D
:10102000C1DC82DC44DC05DCC6DB87DB48DB08DBBB
:10103000C9DA89DA49DA09DAC9D989D948D907D99F
:10104000C7D886D844D803D8C2D780D73ED7FCD6D5
:10105000BAD678D636D6F3D5B0D56DD52AD5E7D45D
:10106000A4D461D41DD4D9D395D351D30DD3C9D22F
:1010700084D240D2FBD1B6D171D12CD1E7D0A1D04E
:101080005CD016D0D0CF8ACF44CFFECEB8CE71CEB2
:101090002ACEE4CD9DCD56CD0FCDC7CC80CC38CC5B
:1010A000F1CBA9CB61CB19CBD1CA89CA40CAF8C947
:1010B000AFC966C91DC9D4C88BC842C8F9C7AFC774
:1010C00066C71CC7D2C688C63EC6F4C5AAC55FC5DA
:1010D00015C5CAC480C435C4EAC39FC354C309C379
:1010E000BDC272C226C2DBC18FC143C1F7C0ABC053
:1010F0005FC013C0C7BF7ABF2EBFE1BE94BE48BE5B
:10110000FBBDAEBD61BD14BDC6BC79BC2CBCDEBB95
:1011100091BB43BBF5BAA7BA59BA0BBABDB96FB9FF
:1011200021B9D3B884B836B8E7B798B74AB7FBB691
:10113000ACB65DB60EB6BFB570B521B5D1B482B44C
:1011400033B4E3B394B344B3F4B2A5B255B205B229
:10115000B5B165B115B1C5B074B024B0D4AF84AF2A
:1011600033AFE3AE92AE42AEF1ADA0AD4FADFFAC4A
:10117000AEAC5DAC0CACBBAB6AAB19ABC8AA76AA83
:1011800025AAD4A983A931A9E0A88EA83DA8EBA7D8
:101190009AA748A7F6A6A5A653A601A6AFA55EA541
:1011A0000CA5BAA468A416A4C4A372A320A3CEA2BB
:1011B0007BA229A2D7A185A133A1E0A08EA03CA04B
:1011C000EA9F979F459FF29EA09E4E9EFB9DA99DE4
:1011D000569D049DB19C5F9C0C9CB99B679B149B86
:1011E000C29A6F9A1C9ACA9977992499D2987F9833
:1011F0002C98DA9787973497E2968F963C96EA95E3
:1012000097954495F1949F944C94F993A793549394
:101210000193AF925C920992B69164911191BE9044
:101220006C901990C78F748F218FCF8E7C8E2A8EF1
:10123000D78D858D328DE08C8D8C3B8CE88B968B99
:10124000438BF18A9F8A4C8AFA89A8895589038938
:10125000B1885F880C88BA8768871687C4867286CB
:101260002086CE857C852A85D88486843484E38351
:1012700091833F83ED829C824A82F981A7815681C6
:101280000481B38061801080BF7F6D7F1C7FCB7E27
:101290007A7E297ED87D877D367DE57C947C437C73
:1012A000F27BA27B517B007BB07A5F7A0F7ABE79AA
:1012B0006E791E79CD787D782D78DD778D773D77C5
:1012C000ED769D764D76FD75AE755E750E75BF74C7
:1012D0006F742074D17381733273E37294724572A8
:1012E000F671A77158710A71BB706C701E70CF6F68
:1012F000816F326FE46E966E486EFA6DAC6D5E6D06
:10130000106DC26C746C276CD96B8C6B3E6BF16A80
:10131000A46A576A0A6ABC6970692369D6688968D1
:101320003D68F067A46757670B67BF6673662666FC
:10133000DB658F654365F764AB6460641464C963FF
:101340007E633363E8629D6252620762BC617161D1
:101350002761DC6092604860FD5FB35F695F1F5F7B
:10136000D55E8C5E425EF95DAF5D665D1C5DD35CF3
:101370008A5C415CF85BB05B675B1E5BD65A8D5A3A
:10138000455AFD59B5596D592559DD5896584E584D
:101390000658BF5778573157EA56A3565C5615562C
:1013A000CE5588554155FB54B5546F542954E353D9
:1013B0009D5357531253CC5287524252FC51B7514E
:1013C00073512E51E950A45060501C50D74F934F89
:1013D0004F4F0B4FC74E844E404EFD4DB94D764D8D
:1013E000334DF04CAD4C6A4C274CE54BA24B604B57
:1013F0001E4BDC4A9A4A584A164AD54993495249E3
:101400001149CF488E484D480D48CC478B474B4734
:101410000B47CA468A464A460B46CB458B454C4548
:101420000C45CD448E444F441044D243934354431F
:101430001643D8429A425C421E42E041A2416541B5
:101440002841EA40AD4070403340F73FBA3F7D3F0E
:10145000413F053FC93E8D3E513E153ED93D9E3D23
:10146000633D273DEC3CB13C763C3C3C013CC73BFA
:101470008C3B523B183BDE3AA43A6A3A313AF73990
:10148000BE3985394C391339DA38A13869383138E1
:10149000F837C037883750371837E136A9367236F3
:1014A0003B360436CD3596355F352835F234BC34BD
:1014B00085344F341934E433AE33783343330E3349
:1014C000D932A3326F323A320532D1319C31683190
:1014D00034310031CC30993065303230FE2FCB2F93
:1014E000982F652F322F002FCD2E9B2E682E362E53
:1014F000042ED22DA12D6F2D3E2D0C2DDB2CAA2CD0
:10150000792C482C182CE72BB72B862B562B262B07
:10151000F62AC72A972A682A382A092ADA29AB29FB
:101520007C294D291F29F028C228942866283828AC
:101530000A28DD27AF27822754272727FA26CD261A
:10154000A126742648261B26EF25C32597256B2543
:1015500040251425E924BD24922467243C24112429
:10156000E723BC23922368233E231423EA22C022CC
:1015700096226D2243221A22F121C8219F21772130
:101580004E212621FD20D520AD2085205D2036204E
:101590000E20E71FBF1F981F711F4A1F231FFD1E2C
:1015A000D61EB01E891E631E3D1E171EF11DCC1DCA
:1015B000A61D811D5C1D361D111DEC1CC81CA31C25
:1015C0007E1C5A1C361C121CEE1BCA1BA61B821B3F
:1015D0005F1B3B1B181BF51AD21AAF1A8C1A691A1B
:1015E000471A241A021AE019BE199C197A195819B7
:1015F00036191519F418D218B11890186F184F1819
:101600002E180D18ED17CD17AD178D176D174D1737
:101610002D170E17EE16CF16B0169016711653161C
:1016200034161516F715D815BA159C157E156015C4
:10163000421524150715E914CC14AF149114741431
:1016400057143B141E140114E513C813AC13901364
:10165000741358133C1321130513EA12CE12B3125C
:1016600098127D12621247122C121212F711DD111C
:10167000C311A9118F1175115B11411127110E11A1
:10168000F510DB10C210A910901077105E104610F4
:101690002D101510FC0FE40FCC0FB40F9C0F840F0E
:1016A0006C0F550F3D0F260F0E0FF70EE00EC90EF3
:1016B000B20E9B0E850E6E0E570E410E2B0E140EA3
:1016C000FE0DE80DD20DBD0DA70D910D7C0D660D23
:1016D000510D3C0D270D120DFD0CE80CD30CBE0C6A
:1016E000AA0C950C810C6D0C580C440C300C1C0C85
:1016F000090CF50BE10BCE0BBA0BA70B940B800B6F
:101700006D0B5A0B470B350B220B0F0BFD0AEA0A28
:10171000D80AC60AB40AA10A8F0A7D0A6C0A5A0AB4
:10172000480A370A250A140A030AF109E009CF0911
:10173000BE09AD099C098C097B096B095A094A0944
:101740003909290919090909F908E908D908CA084C
:10175000BA08AA089B088C087C086D085E084F0828
:1017600040083108220813080508F607E707D907DB
:10177000CB07BC07AE07A007920784077607680768
:101780005A074D073F073207240717070907FC06CA
:10179000EF06E206D506C806BB06AE06A10695060C
:1017A00088067C066F06630656064A063E06320623
:1017B00026061A060E060206F605EB05DF05D3051A
:1017C000C805BC05B105A6059B058F0584057905EF
:1017D0006E05630559054E05430538052E0523059D
:1017E00019050E050405FA04F004E504DB04D10430
:1017F000C704BD04B404AA04A00496048D048304A1
:101800007A04700467045E0454044B0442043904EF
:10181000300427041E0415040C040404FB03F20323
:10182000EA03E103D903D003C803C003B703AF033E
:10183000A7039F0397038F0387037F037703700337
:101840006803600359035103490342033B03330315
:101850002C0325031D0316030F0308030103FA02DB
:10186000F302EC02E502DF02D802D102CA02C4028E
:10187000BD02B702B002AA02A4029D029702910221
:101880008A0284027E02780272026C0266026002A0
:101890005A0255024F02490244023E023802330204
:1018A0002D02280222021D02180212020D02080255
:1018B0000302FD01F801F301EE01E901E401DF019A
:1018C000DA01D601D101CC01C701C301BE01B901C2
:1018D000B501B001AC01A701A3019E019A019601D7
:1018E00091018D018901840180017C0178017401DD
:1018F00070016C016801640160015C0158015501CF
:1019000051014D014901460142013E013B013701B0
:10191000340130012D012901260122011F011C0182
:101920001801150112010F010C0108010501020146
:10193000FF00FC00F900F600F300F000ED00EA0003
:10194000E700E500E200DF00DC00DA00D700D400A9
:10195000D100CF00CC00CA00C700C500C200C00043
:10196000BD00BB00B800B600B300B100AF00AC00D2
:10197000AA00A800A600A300A1009F009D009B0054
:10198000990097009400920090008E008C008A00CD
:10199000880087008500830081007F007D007B0038
:1019A0007A00780076007400730071006F006E009A
:1019B0006C006A00690067006600640062006100F4
:1019C0005F005E005C005B005A0058005700550045
:1019D00054005300510050004F004D004C004B008C
:1019E00049004800470046004500430042004100CE
:1019F00040003F003E003D003B003A003900380007
:101A0000370036003500340033003200310030003A
:101A10002F002E002E002D002C002B002A00290064
:101A2000280027002700260025002400230023008B
:101A300022002100200020001F001E001E001D00AB
:101A40001C001C001B001A001A00190018001800C6
:101A500017001700160015001500140014001300DD
:101A600013001200120011001100100010000F00EE
:101A70000F000E000E000D000D000D000C000C00FC
:101A80000B000B002DE9FE4F0646DFF89C597068ED
:101A900028627189142948DBDFF890A9DAF8001070
:101AA000DAF8140001F098F9002840F00E849AF852
:101AB000140000F0F000E02800F00784286A01F02C
:101AC000C2F8000B81001429A4BF308988422CDBA6
:101AD0000022A1F114006A62A8827289DFF850899D
:101AE0008A4206DBE882494209B2304601F0C7FB70
:101AF0003CE0306830B908F12803B2220FF2D87107
:101B000001F09BF86FF01301304601F0B8FB30464E
:101B10007189AC8AE982641A09B2494209B201F0BA
:101B2000AEFB30684289A4B2A242C0F2CE834168C3
:101B3000696221B2494209B201F0A1FB31890C1B53
:101B40003481708930B108F12803CF220FF29871E7
:101B500001F073F8326830891189884206D008F1A3
:101B60002803D0220FF28C7101F067F8286A0088F0
:101B700001F0F8FD296A0880488801F0F3FD296A20
:101B80004880486801F0F4FD296A4860A8628868C6
:101B900001F0EEFD296A8860E862C88901F0E2FD83
:101BA000296AC88100F050FC00F03F0010F00301EA
:101BB00018BF012128704FF0000B3089DFF87498AE
:101BC0000918A983D9F8004001E0A346E468002C75
:101BD00076D0207D30B908F12803E22208F16401B3
:101BE00001F02BF8207D0A2806D108F12803E32212
:101BF00008F18C0101F021F8207D012806D108F1BF
:101C00002803E42208F1B80101F017F8286A218BB3
:101C10000288914202BFE18A40888142D5D1616841
:101C2000DAF81000814202BF2168DAF8140081421C
:101C3000CBD12746F968B94206D108F12803EC2236
:101C400008F1E00100F0F9FFBBF1000F04D0F868E3
:101C5000CBF80C0000F080FBF868B84206D108F120
:101C60002803F42208F5867100F0E7FF002169607F
:101C70003089A881AE60296369706983286A286108
:101C80002878010703D5707B40F00100707307F1DD
:101C90004406306B00280AD0384602F039F910F1BA
:101CA0000D0F06D0306B00281CBFA88B002800F059
:101CB000DD80788D002802D1384602F096FCE6E2FD
:101CC000DFF87407046800E0E468002C43D0207D4E
:101CD0000A2806D008F12803FE2208F59C7100F0BE
:101CE000ACFF296A208B0A88904202BF4B88E08AA9
:101CF0009842E9D16168DAF81000814202BF216898
:101D0000DAF814008142DFD12878410764D4A98B26
:101D1000870712D5AF6A606AB7EB000E13D4208D27
:101D2000AEEB000000280EDC019200930AF11003D4
:101D3000E86A0AF114023944C5E2C30703D5DFF8A3
:101D4000FC0602682262002946D0A07E40F0020014
:101D5000A076204687E0DFF8E8362F6A1868002270
:101D600001E00246C068002800F09B82B7F802E05C
:101D7000C18A7145F5D10168DAF81440A14218BF53
:101D8000002818BF0029ECD1044622B1E068D060D9
:101D90001968E1601C60287841071DD4C2060CD583
:101DA0003888A96A0190CDF800E00AF11003A88BE9
:101DB0004118E86A0AF1140285E280070CD5607DBB
:101DC00002F046F9070008D1A369002B04D020696E
:101DD0004FF0FF320021984777E2DAF814003860BC
:101DE0000322DAF81010796007F15C0AE08AF882C1
:101DF000296A088838833A75A86A401C7862F862B4
:101E0000384602F00BFA7865F8647864B865A86A19
:101E1000401E386520693861CAF81C40207A00F0FD
:101E20000C00387200F098FA02F0D0FEDFF81416B9
:101E300001200870384600F01CFF286AC089AAF803
:101E40000000AAF80200391D788E02F0EDF97886BC
:101E50001221384602F038FB20B10021384601F04B
:101E6000ACFD32E2384602F0F5FB2EE26F632978D2
:101E7000480723D5387D022804D1E96AB068814239
:101E80005BD10CE0796AAA6A8A4210D138B908F1AC
:101E9000280340F2E7220FF27C4100F0CEFE687882
:101EA00040F008006870B87E00F0FE0068E1511A4A
:101EB00043D4388D091A00293FDC5EE1880704D538
:101EC000387D022818BF0328F7D1B87EC20603D494
:101ED000DFF8680501683962002087F8960041F252
:101EE0001C14384600F0C5FEA96AA88B95F800E0DE
:101EF0002A6ADFF844B5401802900EF010003B7DCE
:101F00009B1E072B19D8DFE813F0DC007A00740061
:101F10003B00350074001900080000F01BFA287817
:101F2000C1060AD5E86AB168884204BF706A002811
:101F300003D1687840F01000687039E100F00AFAC7
:101F40002878C106F9D5E86AB168884204BF706A8A
:101F50000028F2D1384602F0F2F800F003FADFF878
:101F6000E414FA60012008700A223A75DBF80000D8
:101F7000F86028E000F0EEF968788106DDD50FE022
:101F800000F0E8F96A782878E96A930600F0100012
:101F900024D5E8B1B268914204BF706A002817D115
:101FA000B87E40F00200B876384602F0C8F800F07B
:101FB000D9F9DFF89004FA60012101700A223A751C
:101FC000DBF80010F960CBF8007002F0FFFDEFE0E5
:101FD000B97E41F00201B976082059E00028F6D018
:101FE000B268914204BF706A002801D10621397598
:101FF000DEE000F0AFF96978880644D4D8E0002824
:1020000054D0E86A3168411A491E43D4B168411A74
:1020100000293FDC04203875706B002819D08069D6
:1020200050B908F1280340F251320FF2083100F0A4
:1020300004FE706B00280CD0706B8369002B08D0F5
:10204000386900223946984720B110F10D0F00F091
:102050001E81E5E000F07EF9688B08B1401E6883C0
:10206000788E4200A2428CBF1346234681009942DB
:1020700038BF800003D3A2428CBF40002046B0800E
:102080006978880605D5B97E41F00201B976072046
:1020900038758DE0118801910AF110035288029978
:1020A00000920AF1140202F01DFC81E05FEA8E70DA
:1020B000FBD5786A491C81427AD1384602F07DFC12
:1020C00076E00EF01203122B01BFEB6AA3F1010CB4
:1020D00033689C4556D1481C7862F862491EE86A0C
:1020E0003060D08930837083F16004203875391DE9
:1020F000788E02F099F84200A2428CBF1346234624
:102100008100994238BF840002D3A24288BF4400B4
:102110007886B480F08B38B908F1280340F21A327F
:102120000FF6E83100F089FDF18B481EF083B46AA8
:1021300064B9746A3CB908F1280340F222320FF600
:10214000E43100F07AFD2068706201E02168B1623C
:10215000204601F01BFFB06A00280EBF4FF0FF3190
:10216000002187F842103986336C33B13869002278
:102170003946984710F10D0F2BD0B87E40F0020081
:10218000B87615E0A0B1108801900AF110035188CB
:10219000E86A00910AF11402029902F0A3FB97F891
:1021A0004210062904DA00203886384602F0EEFB99
:1021B000697808070ED5B26C1AB138696FF00D0155
:1021C00090473946484601F0DDFF3946012002F0CC
:1021D0003FFE5CE06A8B4AB1B36B2BB1386939467C
:1021E000984710F10D0F52D000206883384600F058
:1021F000CAF800284BD1286B6FF00C0928B3306B5C
:1022000038B108F128034FF4D2720FF6E42100F040
:1022100014FDB97E2A6BC80606D5104601F033F8C6
:10222000384601F031FC32E0F46B24B13869002308
:102230003946A04704E000233946002001F0C6FEDD
:10224000484524D008B1286B30636878810615D5DD
:10225000306B20B1417B41F0200141730EE0388D9D
:10226000B0F5066F1CBF401C3885F46B34B138697B
:10227000002300223946A047484508D00020686363
:10228000384600F080F810B9384602F0E3F9002033
:1022900068632863A868E8B100F0F5FF0020A86033
:1022A00018E0B88901F05EFA40070ED4286A018868
:1022B00001910AF110034088A96A00900AF1140202
:1022C000A88B4118E86A02F00DFB3046BDE8FE4FCE
:1022D00000F0D9BFBDE8F78F702D3E6E6578742091
:1022E000213D204E554C4C00702D3E6C656E203DBE
:1022F0003D203000702D3E746F745F6C656E203D24
:102300003D20702D3E6E6578742D3E746F745F6C49
:10231000656E00007463705F696E7075743A20704A
:1023200063622D3E737461746520213D20434C4FE0
:10233000534544007063622D3E6C697374656E652D
:10234000722D3E61636365707420213D204E554CB3
:102350004C00000038467AE0D9F80010F960C9F85E
:1023600000707047D9F80000B84204D1C068C9F8BD
:10237000000006E0084620B1C168B942FAD1F96808
:10238000C1600022704710B5044627484178C8064E
:1023900013D5A17EC80606D4D4F88C201AB12069C2
:1023A0006FF00E0190472146224801F0EBFE2146D6
:1023B000012002F04DFD012010BD002010BD70B5C0
:1023C00005460C46E96800F03FF8C00714D52046E2
:1023D00001F0D3FD002424E0908901F0C3F9C00787
:1023E00006D5012001F0BEF9EA6891890843908181
:1023F0002046246801F0CAFD9CB10B48E268816A5E
:102400002889566823894018861BF61AE4D5526835
:10241000801A002805DD511A298189B2686800F008
:1024200073FE2C6070BD000094C0002018C1002015
:10243000F00F0108680000206C0000205C00002004
:102440006400002058000020888901F08BB92DE934
:10245000F84F0546DFF88C88287D042807DA08F154
:1024600028034FF481620FF6D00100F0E6FBDFF89D
:1024700078783978C80605F1440640F14881316919
:10248000348BD6F80C90B86AD7F820C0FB6A0A19CA
:10249000B9EB000E09D402D1B1EB030905D499427E
:1024A0001AD1BCF80E108C4216D2BCF80E10B5F83A
:1024B0005E900C464C4538BF4C467483F06005F185
:1024C000940431833361607819B928B921700120EF
:1024D00001E008B10020607031680FF67804581AE6
:1024E000002808F5B47905F1420C2CDCB88B0028E3
:1024F00001BFD6F810E0308B704490421FD1B5F97F
:102500003020002A1BD4994219D19CF80100421CAA
:10251000D1B2884238BF8CF801209CF80110042900
:1025200007DBB288688E801881B28A4200D2B08000
:10253000AAE00329FCD1284602F068FAA4E00020B2
:102540008CF80100A0E0401E76D4B068181A00286C
:1025500072DCA97E480704D501F0FB01A976F0885A
:10256000B08000218CF80010B5F93E20B5F93C1080
:10257000B08802EBE102A5F8402000218CF80110A0
:1025800033602A7D042A12DBF388984206D26B8ED0
:102590001B189AB290420AD2184608E0698E494345
:1025A00091FBF0F1091889B2814228BF0846B0803A
:1025B0001EE0DAF80000B06200F01CFBF18B8142F3
:1025C00005D208F1280340F29E4200F035FB00F0EE
:1025D00011FB00F013FBF08B50B1B06A40B9706A88
:1025E00038BB08F1280340F2A742214600F025FB42
:1025F000B06AF0B1C068406801F0BAF8B16A8346C9
:1026000000F020FB10F0030118BF0121D6F828A02C
:10261000BAF8080083448B44F96AABEB0100002848
:10262000C7DDBAF1000F04D0002028860020E8762C
:102630002AE04FF0FF30F8E7284601F0D6FF23E00C
:10264000DAF8000008B900213184706200F0D2FA93
:10265000F18B814205D208F1280340F2D54200F007
:10266000EBFA00F0C7FA00F0C9FAF08B60B1B06A7B
:10267000002804BF706A002806D108F1280340F240
:10268000DD42214600F0D9FA706AC8B1C0684068DE
:1026900001F06EF8716A834600F0D4FA10F003007E
:1026A00018BF0120D6F824A0FA6ABAF80810A2EBE5
:1026B0000B03591A081A03D4B068121A002ABFDD96
:1026C000B18B788B4118B183686B00B3AA6BF96A40
:1026D000521A1CD5DFF814462268B5F93C10101ABE
:1026E00000B2A0EBE100411803B2A987002B48BF5C
:1026F0004042B5F93E208018A0EBA200E88709B25D
:1027000000B200EBE100A5F8400000206863B88B40
:10271000B96A002800F057822A7D072A80F2538286
:102720006B6AA3EB0109B9F101025ED4A9EB0000C9
:10273000401C002859DCBC683CB908F1280340F271
:102740003C520FF2306100F078FA47F6FF70814595
:1027500007DB08F1280340F23D520FF2286100F038
:102760006CFAB8680FF23C6A4189494525DA00895C
:10277000484507DA08F1280340F23F520FF214618E
:1027800000F05BFAB8680089A0EB090005E0A9EB4E
:102790000109002120816181246861894945F6DBB6
:1027A000C9F100090FFA89F1204600F068FD90B1E7
:1027B00008F1280340F24C520AE0C9F100090FFA6F
:1027C00089F100F05CFD30B108F1280340F251526C
:1027D000514600F032FA696ABA89B86AB962521A87
:1027E00082183869BA81416005E0C91A03D5A87E0C
:1027F00040F00200A876696ABA6A531A00F1DE81D5
:10280000288D1B1A5B1C002B00F3D881914208F520
:10281000C87A40F01F81386900F015FA10F0030003
:1028200018BF0120B9894018B88380B22A8D82422E
:1028300027D2386900F007FAC10709D5386900F0D6
:1028400002FA00F03E0000F08DFF3B6900F0CBF98A
:10285000288D3969B881FFF7F7FD00F0DAF938699A
:1028600000F0F1F910F0030118BF0121BA8900F05E
:10287000D9F906D008F1280340F27F52514600F002
:10288000DCF9F06A00285DD0386900F0DCF9C00797
:1028900007D5F06A002855D00168F16201F076FB97
:1028A000F7E7F46A1DE0908900F05CFFC00714D5DB
:1028B0003969FFF7C9FD80070FD4012000F052FFEE
:1028C00039698A891043888100F04CFF10F00301B8
:1028D00018BF0121B8890918B9832046246801F07E
:1028E00055FB74B3E268B86AB98B53680918A1EB59
:1028F00003092389B9EB0303D5D55268891A002946
:102900001FDD101AB881386900F09DF900F081F9D7
:10291000386900F098F910F0030018BF0120B98958
:10292000BA6A4018B88380B2E36859688018884250
:1029300007D008F1280340F2AF5208F5E47100F027
:102940007CF9F462B98BBA6A8A186A622B8D8B4261
:1029500007D208F1280340F2B9520FF25C4100F0AF
:102960006CF9298DB88B091A2985284601F092F84F
:10297000B968088910B100203963B860386900F07F
:1029800062F9C10753D5787840F0200078704EE0A6
:10299000396337E0B862E06800F055F910F00300E1
:1029A00018BF01206A6A21898A1880186862E06865
:1029B00000F049F910F0030018BF012021892A8D89
:1029C0004018824207D208F1280340F2DE5208F58F
:1029D000017100F032F9E06800F035F910F0030001
:1029E00018BF01202A8D2189521A101A28852846DD
:1029F00001F050F86168088930B1386B0028C7D001
:102A000000F0C5FC00206060E06800F01CF9C00721
:102A100008D5797841F020017970287D042804BF19
:102A2000072129752068F062204601F0AFFAF46AA8
:102A300024B1E068696A40688842ABD0A97EC807C3
:102A400052BF41F0010101F0FE0141F00201A976FF
:102A5000BDE8F18F284601F0C8FDD6F82C90B9F1F9
:102A6000000F03D100F0BCF8F062F1E7B96A00246E
:102A7000D9F80C205068814203D0CCB9081A22D56D
:102A800010E0B9F80800B9898842E1D200F0A8F84E
:102A90000028DDD0002C14BF2060F0624946BDE85C
:102AA000F44F8CE400F09CF80028D1D0F062F5E7F8
:102AB000D4F80CC0DCF80430CB1A5B1E03D4081A1F
:102AC000401C00280BDDD9F8000018B952688A1A9A
:102AD000002A1ADC4C465FEA0009C9D1B8E700F0C9
:102AE0007FF80500B4D0E06841682089BA6A4018D0
:102AF000801A002805DD511A218189B2606800F032
:102B000003FB256049462846C9E7D9F80C0000F0C8
:102B10009AF8C0079CD400F063F80028C9F80000B8
:102B200096D0D9F80C004168B9F80800BA6A401884
:102B3000801A002807DD511AA9F8081089B2D9F8BF
:102B4000040000F0E1FABA8BB86A696A8218288D2D
:102B5000521A121A002AC1DD00F072F8C0070AD515
:102B600000F06EF800F03E0000F0FCFDD9F8001017
:102B7000CB6800F038F8686A298D0918B86A091A14
:102B8000D9F80000018189B2406800F0BDFA00F078
:102B900057F810F0030118BF0121D9F8000002898D
:102BA00000F040F81BD008F128035146404601B020
:102BB000BDE8F04F40F27B6202F090B92846BDE8D4
:102BC000F24F01F012BD686A091A04D4288D091A5F
:102BD000491C002903DDA87E40F00200A87637E7F3
:102BE000381D01F0E1B99A894CF2FF010A40104307
:102BF00098817047DAF8040000F0A7BBF18B081A3F
:102C0000F0837A8BBAF8080082187A83504601F074
:102C1000BDB9800702D5B989481EB881B989B8689D
:102C200000F072BAB86A8918B98389B209186A6A59
:102C3000288D8218914270474946404602F04EB9AD
:102C4000D9F80010C868808900F08CBD10B5264CFA
:102C5000218B606A4A1C10B1E38A994204D2206A2F
:102C600022830844007D10BDC91AC9B22283405C8A
:102C700010BDF8B51C4DAC8A06465CB30020288315
:102C80000FE0FFF7E3FF0746FFF7E0FF40EA07200A
:102C900040F21921884201DA010001D14FF4067097
:102CA0007086288BA04215D2FFF7D0FF90B1022882
:102CB00008D0F6D3FFF7CAFF02280BDB298B401898
:102CC000801EDCE7FFF7C2FF042803D1288B801C9D
:102CD0008442D6DAF1BD0449487840F010004870CB
:102CE00070470000F00F010894C000205C00002035
:102CF0007063622D3E726566757365645F646174AE
:102D000061203D3D204E554C4C0000007063622D0B
:102D10003E736E645F71756575656C656E203E20EF
:102D2000300000006E6F207365676D656E742074EF
:102D30006F206672656500007463705F726563651D
:102D40006976653A2077726F6E6720737461746577
:102D5000000000007463705F726563656976653AB0
:102D60002076616C6964207175657565206C656E8F
:102D700067746800696E7365672E7020213D204E70
:102D8000554C4C00696E73616E65206F66667365A5
:102D9000742100007062756620746F6F2073686F15
:102DA00072742100706275665F6865616465722087
:102DB0006661696C656400007463705F7265636569
:102DC0006976653A207463706C656E203E2072638C
:102DD000765F776E640A0000C24318BF002810D0E7
:102DE00091F833309A070ED54A6890420BD08B6821
:102DF00003EA00011A40914202BFDB4318409842A7
:102E000001D1012070470020704730B50168846807
:102E10004218416802EB5103C90703D54C4401E055
:102E2000491C08D19A4218BF12F9011B01D10C307C
:102E300030BD12F8015B002904F8015BF0D4491E93
:102E4000F7D5EFE710B502F0D6F8DFF84C170022FF
:102E50000A7002F0D9F8DFF84407046800E0E4687B
:102E600034B1206F0028FAD001F087F800202067E5
:102E700010BD38B502F0BFF8DFF81C4725780121F6
:102E8000217002F0C1F875B900220021DFF81007A7
:102E900002F032F938B102F0AEF800212170BDE83D
:102EA000324002F0B1B831BD2DE9F84F0428164682
:102EB000DFF8F0961BD8DFE800F0031416181800AE
:102EC0003625032E0F4600F2DB80DFE806F09DCDAD
:102ED000CD020C2001F08EFF04000FD1FFF7C9FFD7
:102EE000C7E02225EDE70E25EBE70025E9E709F12C
:102EF00028034FF48B720FF2B061C7E003212173F6
:102F000000202060EE1C60191030C01C8008B6083C
:102F10008000B60060602781C6F51470874238BF14
:102F20003D4605D3ED1C4FF6FC700540C5F5147504
:102F300065816168608904F5187A0844824509F161
:102F4000940805D209F128034FF4987200F0A7F80D
:102F5000764216F5147F07D109F128034FF49972D0
:102F600009F1C80100F09CF860890FF25866012150
:102F7000E181A3463F1A254639E003200021207352
:102F800061734FF6FF7221609742CBF8004006DB79
:102F900009F128034FF4A672314600F081F8B8B267
:102FA0002781B0F5147F2CBF4FF414703846608130
:102FB00004F110006060217911F0030F07D009F1CE
:102FC00028034FF4A97209F1FC0100F069F869685F
:102FD00068890844824505D209F1280340F2551258
:102FE00000F05DF861890120E0817F1AA346002F7F
:102FF00032DD0C2001F0FEFE0400BED1FFF739FFE8
:10300000284600F040F934E005F113014FF6FC705A
:103010000140FA1C10404018F91C83B28908B3EB38
:10302000810F26D380B202F039FA040021D0601952
:103030001030C01C8008800000F02BF8217321792B
:1030400011F0030F09D009F1280340F2771209F5B6
:10305000967100F025F800E02C46002060730121F5
:10306000E1812046BDE8F28F0B2001F0C3FE040091
:1030700001D10020F6E7002000F00BF82673ECE702
:1030800009F128034FF4C6720FF24C5100F008F812
:10309000EFE760602781678100212160704741462A
:1030A000484601F01BBF000038B50446042C184602
:1030B00010D8DFE804F003090B0D0D003824059B40
:1030C0000D19AB4212D20FE02424F8E71024F6E7E2
:1030D0000024F4E7DFF8CC0400F1280340F2C51225
:1030E00000F5AC7101F0FAFE002032BD049B002512
:1030F000056003B123440181418143600121022322
:10310000C1814373027332BD2DE9F84304000E46BA
:10311000DFF8905407D105F1280340F2F3120FF2C3
:10312000D44100F059F8207B032818BF01280BD0A8
:10313000002818BF022807D005F1280340F2F71233
:103140000FF2C84100F048F82789BE4242D2F71B6F
:103150000FF2E8480FF2D04918E0361A4FF6FF7028
:103160008742B6B206DB05F1280340F20B2249463E
:1031700000F032F8208938182081246834B905F12C
:10318000280340F20F22414600F026F86089B04241
:10319000E3DB207BB0B96089864213D0617B88076E
:1031A00010D46168091B711889B2204602F0F6F844
:1031B000040007D105F1280340F21D220FF29441CB
:1031C00000F00AF866812681206808B100F05BF8FB
:1031D00000202060BDE8F183284601F07FBEF8B5ED
:1031E000DFF8C04348B904F1280340F23F220FF250
:1031F0008041204601F072FE27E00B0025D04E42B0
:1032000000290FD537464589BBB29D420BD204F148
:10321000280340F247220FF26441204601F05EFE8F
:103220000120F2BD8FB2037B002B18BF032B0ED100
:103230004268324400F110039A42F1D34489038971
:1032400042600C19C918448101810020F2BD022B93
:1032500018BF012B0CD1002904D54289BFB2BA4254
:10326000DED302E0DCDD002ADAD042683244E5E752
:1032700004F1280340F277220FF22041CDE700222B
:10328000ADE70122ABE72DE9F8430400DFF8148332
:1032900009D108F1280340F2D2220FF2D43100F014
:1032A00035F900204FE0207B002818BF01280BD003
:1032B000022818BF032807D008F1280340F2DE22B5
:1032C0000FF2E83100F022F900270FF2F83901F08F
:1032D00092FE0546E08930B908F1280340F2EB225E
:1032E000494600F013F9E089461EE681284601F0C0
:1032F0008BFEB6B236BB627B2568207B91070DD56D
:10330000206938B908F1280340F2F92208F5BE71A6
:1033100000F0FCF821692046884710E0032802D11C
:1033200021460C2005E0012818BF022804D12146BF
:103330000B2001F08DFD02E0204601F097FF7F1C7D
:103340002C00C4D1F8B2BDE8F2830146002001E0B0
:103350000968401C0029FBD180B2704710B50400F9
:1033600014D001F048FEE189491CE18101F04CFED6
:10337000E08958B9BDE81040DFF828020FF25C314F
:1033800000F1280340F2393201F0A8BD10BD70B53C
:1033900004000D46DFF80C6218BF002D0FD106F1B6
:1033A000280306F5D0713046BDE8704040F24D323A
:1033B00001F094BD228929898A1822810446206857
:1033C0000028F7D121896089814208D006F12803BD
:1033D00040F2553206F5EC71304601F07FFD206871
:1033E00040B106F1280340F256320FF20431304664
:1033F00001F074FD2189288941182181256070BD63
:1034000010B50C46FFF7C3FF2046BDE81040A5E706
:103410002DE9F0470546002600270C466FF00F09FE
:10342000DFF88081002D18BF002C03D02989208966
:10343000814206D208F1280340F2BD3208F50B7133
:103440004DE06089A0EB070A6889801B5045B8BF32
:103450008246616868681FFA8AF23944304402F093
:1034600029F956446989B6B25744B142BFB207DA66
:1034700008F1280340F2CD320FF2842100F046F823
:103480006089B84207DA08F1280340F2CE320FF221
:10349000882100F03BF860898742A4BF0027246898
:1034A0006889864202BF00262D68002D10D02CB1FD
:1034B00060892189884201D12068A0B92DB168892D
:1034C0002989884201D1286890B9002CB9D11AE025
:1034D000CCB108F128034FF476720FF2582100F0B6
:1034E00015F8484610E008F1280340F2DE3203E008
:1034F00008F1280340F2E33208F5177100F006F8EE
:103500006FF0050000E00020BDE8F087404601F0C4
:10351000E5BC2DE9F84304468946164600272148B4
:1035200034B900F1280340F2FE320FF218210AE00C
:10353000B9F1000F18BFB8461DD100F1280340F2C1
:10354000FF3200F5227101F0C9FC002022E0C01A10
:1035500080B2B5B28542C8BF054660689BB2C1184B
:103560001FFA88F02A46484402F0A4F82468EF19AC
:10357000A844761B0023B0B258B108E099B2608924
:103580000029E4D09AB28242E1D324681B1A002CAD
:10359000F4D1B8B2BDE8F283ABC1002068000020CE
:1035A000452E0008440D0108706275665F616C6C01
:1035B0006F633A206261642070627566206C617985
:1035C0006572000072656D5F6C656E203C206D61F8
:1035D000785F7531365F7400706275665F616C6C20
:1035E0006F633A206572726F6E656F7573207479C0
:1035F00070650000706275665F7265616C6C6F6308
:103600003A207020213D204E554C4C00706275666A
:103610005F7265616C6C6F633A2073616E652070D8
:103620002D3E74797065000067726F77203C206DC5
:1036300061785F7531365F740000000070627566F6
:103640005F7265616C6C6F633A207120213D204E82
:10365000554C4C006D656D5F7472696D20726574B8
:1036600075726E65642071203D3D204E554C4C00B6
:103670007020213D204E554C4C000000696E637255
:10368000656D656E745F6D61676E697475646520E4
:103690003C3D20702D3E6C656E0000006261642030
:1036A00070627566207479706500000070627566DE
:1036B0005F667265653A2073616E65207479706526
:1036C00000000000706275665F667265653A207082
:1036D0002D3E726566203E203000000070627566E7
:1036E00020726566206F766572666C6F77000000E9
:1036F000702D3E6E657874203D3D204E554C4C003B
:103700006F66667365745F746F203C3D20705F74F4
:103710006F2D3E6C656E00006F66667365745F6644
:10372000726F6D203C3D20705F66726F6D2D3E6C38
:10373000656E0000705F746F20213D204E554C4C2B
:1037400000000000706275665F636F70795F706182
:10375000727469616C3A20696E76616C696420628A
:10376000756600000146000A40EA012080B27047F9
:103770000146080200F47F000A0A40EA016002F4F0
:103780007F42104340EA116070472E00704780B5B9
:1037900000F08BFBDFF8AC180878401C0870C007FD
:1037A00002D5BDE80140E6E101BD00007CB504465C
:1037B0000029227DDFF89058DFF8906848D0042A6D
:1037C00018BF072A44D1606F002804BF208DB0F5D0
:1037D000066F3DD0A17EC80600F1088006F12803DF
:1037E00040F20F1260A1304601F078FB00F055FB6B
:1037F000E06C01F077F8204600F0A1FC2869A042B7
:1038000003D1C068286106E0084620B1C168A14222
:10381000FAD1E168C1600020E06001212970207DBB
:10382000042808D10A2121756869E0606C6101F003
:10383000CDF9002076BDDFF8FC080168A14202D175
:10384000FFF749FAF5E72146012001F001FBF0E717
:103850001AB1022A42D013D349E0E08A0028F2D0FC
:10386000A868A04203D1C068A86006E0084620B15D
:10387000C168A142FAD1E168C1600020E060E2E7DE
:1038800094B906F12803C02244A1304601F026FB7A
:103890000021087D012807D006F128035FF0C1024E
:1038A00038A1304601F01AFB01210FF2B0220023AB
:1038B00052F82100006804E0866FA64208BF8367C3
:1038C000C0680028F8D1491C0429F1D3214605F12C
:1038D0000C0000F057FC21460220B6E7214605F116
:1038E000100000F04FFC012028702146ADE7204673
:1038F000BDE8764038B5050040F00980DFF84C0798
:1039000026A100F1280340F24D1201F0E7FA287DCC
:10391000032804D004280AD0072813D019E0284629
:1039200000F05EFD040007D10520287505E028465B
:1039300000F056FD0400F7D06CB9284600F08AFE6E
:10394000204632BD284600F04BFD0400F4D109208A
:10395000EBE7002032BD14F1010FF1D1A87E40F059
:103960000800A876F5E700007063622D3E666C6182
:10397000677320262054465F5258434C4F534544AA
:10398000000000007063622D3E7374617465203D19
:103990003D204C495354454E0000000070636220A6
:1039A000213D204E554C4C00017D012903D0817EE4
:1039B00041F0100181760121F8E62DE9FE4F054620
:1039C0008B46287D012807D100F0D0F84FF4F07223
:1039D00000F1640101F082FA287DDFF86C760A2894
:1039E0000BD1294607F1140000F0CCFB294603B0A7
:1039F000BDE8F04F012001F02BBAE96C0291D5F837
:103A00002490D5F88CA0D5F81080E98A00240026EF
:103A100078B9B9B1B868A84203D1C068B86006E007
:103A2000084620B1C168A942FAD1E968C160EC60DA
:103A300008E00E46294607F1100000F0A3FB012024
:103A40005C463870E86E08B100F097FAA86E08B1CD
:103A500000F093FA286F08B100F08FFA44B1288B78
:103A6000019000962B1D02982A46494600F03AFF25
:103A7000294600F00CF85FEA0A0003D06FF00C0151
:103A80004046D047BDE8F78F012196E7E468012062
:103A900001F0DEB938B50446218D656A628E481999
:103AA00040F231439A42A8BF4FF48662E36AC01ADB
:103AB000821A01D4618532BDE81A0028C8BF0025EA
:103AC0000DDC5D1BB5F5803F09D3DFF8E8070FF289
:103AD000F87100F128034FF4427201F0FFF9658597
:103AE000002032BD70B504460E46207DDFF8C45775
:103AF000012807D105F128034FF4487205F1E401CC
:103B000000F089FB228D40F66100B618B1B2814207
:103B1000268506DAB6B286B9207D072818BF09289F
:103B200003D14FF40660208507E005F1280340F239
:103B30002D3205F5867100F06EFB2046FFF7AAFFD7
:103B4000B0F5067F08DBA07E40F00200A07620469C
:103B5000BDE8704000F07EBD70BD00006400002034
:103B600060000020680000206C000020DFF844079F
:103B700000F1280370472DE9FE4FDFF8CC64DFF831
:103B8000CCA47068401C70607078401C707021E09C
:103B9000A04207D00AF1280340F28D420AF50571D0
:103BA00000F078F9E0683061BBF1000F05D000F05B
:103BB00074F9D9F8000000F095FE21463F68FFF740
:103BC00065FF0020307055B16FF00C013846A847F2
:103BD000307820B134694FF0000800E0E468002C30
:103BE00000F01A81207D38B90AF128034FF47C7265
:103BF0000AF5B07100F04EF9207D012807D10AF1D5
:103C0000280340F2F1320AF5C67100F043F9207D35
:103C10000A2807D10AF1280340F2F2320AF5DC71D2
:103C200000F038F97178607F8842D7D0617700253D
:103C3000217D0229AB4604F14C0904F1940704F1FB
:103C4000420204D110780628A8BF012560DA137853
:103C50000C2BA8BF01254FDA7878C0B10FF2F062C3
:103C600010443A7810F8010C8242BCBF521C3A70E2
:103C70003978814240DB204600F012FF00283BD11A
:103C80003D707978062937D8491C797034E0B4F949
:103C9000300000285CBF401C2086D9F8200058B3B3
:103CA000B4F93000B4F940C0604525DB02290FD0DB
:103CB0000C2B28BF0C23B4F93C00B4F93E1001EBE7
:103CC000E00C0FF27C60C1560CFA01F0A4F8400041
:103CD0002586B9F81030D088984238BF0346608EE8
:103CE00041005B0888B2834238BF0B461381608E67
:103CF000D080204600F04AFE207D062808D1A17E13
:103D0000C80605D57168206A091A292928BF6D1CC3
:103D1000217A080728D5207D042818BF072823D139
:103D20007368216AD9F84420DFF88C055B1A801883
:103D30004FF4FA71B0FBF1F1994203D26D1C4FF0D0
:103D4000010B11E0B978DFF8740500FB01224FF494
:103D5000FA70B2FBF0F29A4206D2204600F07AFEE8
:103D600010B9B878401CB870D9F8240068B17368ED
:103D7000216A5B1AB4F94010062251438B4204D3E6
:103D800000F0FBF80020C9F82400681C217D0329FD
:103D900004D17268216A521A292A05E0092905D13D
:103DA0007268216A521AF12A28BF054604F11007E9
:103DB000BDB1D9F84050204600F0C1F9B8F1000F6C
:103DC00030693FF4E5AE844207D10AF1280340F29E
:103DD00089420AF5F47100F05DF8E068C8F80C005B
:103DE000E2E6A046F97AE468491CF972C9B2387B68
:103DF000814210D30021F9723170BA6F42B1386834
:103E000041469047317800297FF4E4AE002802D182
:103E1000404600F01FFCE2E674694FF000080EE037
:103E2000A04207D00AF1280340F2CF420AF52671DA
:103E300000F030F8E06870612146FFF727FE3CB3E0
:103E4000207D0A2807D00AF1280340F2BD420AF576
:103E5000107100F01FF87168206A091AF12914D353
:103E6000204600F06CF97069B8F1000FD8D0844298
:103E700007D10AF1280340F2CB420AF51C7100F089
:103E800009F8E068C8F80C00D6E7A046E468D6E771
:103E9000BDE8F78F504601F021B8218B0191231D19
:103EA000E08A00902246616A704770B5DFF80054DE
:103EB0006878401C68702C6922E06177A07EC10799
:103EC00009D540F00200A076204600F0C3FBA07E9A
:103ED00000F0FC00A076A17E080705D501F0F701EF
:103EE000A1762046FFF706FDE668606F38B1002135
:103EF0002970204600F00CF828780028DBD13446E1
:103F00002CB16978607F8842D7D1E468F8E770BD4A
:103F10002DE9F041054600206F6FD5F880407E7B8B
:103F20006867002C03463A46294602D02869A04714
:103F300001E000F04BF801006FF00C0812D1B00660
:103F400018D5288DB0F5066F1CBF401C2885D5F804
:103F500080407CB12869002300222946A0474045C3
:103F600008D101E0404501D1404604E06F676FF0A1
:103F7000040000E00020BDE8F08110B5002803E057
:103F8000046800F003F82000FAD110BD10B5040059
:103F900009D0606808B1FFF776F92146BDE8104006
:103FA000032000F055BF10BD38B50546032000F0D2
:103FB00021FF040001D1002032BD1022294601F06A
:103FC00079FB6068FFF7CAF9204632BD10B51400CE
:103FD000084607D02189FFF785FD2046FFF753F9F2
:103FE000002010BD002BFBD1BDE81040FFF7DCBC6A
:103FF00070B50446082818BF092808D013480FF2E6
:10400000E42100F1280340F2DC5200F067FFDFF802
:10401000A0120869002500220AE0067DA64206D10A
:104020004E68036AF61AAE4224BF35460246C0689F
:104030000028F2D12AB1BDE8704000211046FFF7F8
:10404000BCBC70BDACC10020580000200C0A0108A7
:10405000F8B5054600F070F80400954E42D170693D
:104060000023002107E07468026AA41A9C4224BF5E
:1040700023460146C0680028F5D111B10846FFF774
:1040800003FD00F059F804002CD10920FFF7B0FF20
:1040900000F052F8040025D10820FFF7A9FF00F036
:1040A0004BF804001ED1802DACBF7F232B46306916
:1040B000002700210DE0447DA34221BFD6F804C0B3
:1040C000026AACEB0202BA4202D31746014623460B
:1040D000C0680028EFD111B10846FFF7D5FC00F009
:1040E0002BF8044624B39821204601F0EFFA04F19E
:1040F000480065754FF4866101834FF4066262855E
:1041000022854FF40673FF22A27263860622A4F86A
:104110004020E28701234FF0FF322286038072683D
:1041200022627378664A637741808263654981645D
:104130002046F2BDC8C00020012000F05BBE38B5AB
:104140000446207D00281CBF0A28012819D004F14C
:104150006405286918B1FFF796F800202861E8681F
:10416000FFF70BFF0021E9604FF0FF302086686801
:10417000FFF703FFA868FFF700FF00206860A86052
:10418000288031BD38B502460C461068A04203D1E4
:10419000C068106006E0084620B1C168A142FAD1AB
:1041A000E168C1600022E2602046FFF7C8FF207D81
:1041B0000A280DD001282AD0A17EC80708D541F0D1
:1041C0000201A176204600F045FA207D01281ED08C
:1041D000A06EDFF8E05030B105F1280340F25372D1
:1041E00044A100F018F8D4F86C0030B105F12803B0
:1041F00040F2547245A100F00EF8D4F8700030B1CE
:1042000005F1280340F2567247A100F004F800219E
:104210002175E18231BD284600F060BE244A9169D3
:10422000506840189061704710B50446084601F088
:1042300051FA00281EBF418D08B2002805D0A1F117
:10424000280080B2844288BF0446204610BD38B59D
:104250000546084600E0204638B102682968C4686F
:104260008A4208BFFFF710FCF5E731BD70B50400C6
:104270000D461CBF2068002819D00D4E316920461C
:10428000FFF7E5FFB1682046FFF7E1FF002D1CBFF7
:10429000286800280BD0F068002807E0036822682F
:1042A000C168934204BF2E6806600800F6D170BD55
:1042B000580000200C0A0108B84C0A00F82401003C
:1042C000CD3F000800DD6D006E65775F7263765F3D
:1042D000616E6E5F776E64203C3D20307866666666
:1042E00066000000696E76616C69642073746174A5
:1042F00065000000756E73656E74207365676D658B
:104300006E7473206C65616B696E6700756E6163B6
:104310006B6564207365676D656E7473206C656191
:104320006B696E67000000006F6F736571207365C5
:10433000676D656E7473206C65616B696E670000F4
:104340000102030405060707070707070700000027
:1043500003060C18306078002DE9F0410E46054642
:104360001146891914319846002289B20120FEF7BE
:104370009BFD040031D0618906F11400814208DA06
:10438000DFF8FC0500F15803732200F1280100F06A
:10439000A5FD6768E88AFFF7E5F938803606288BBF
:1043A000FFF7E0F97880C7F80480B60E686AFFF777
:1043B000DFF9761DB860360346F01006B0B2FFF79D
:1043C000D1F9B881688DFFF7CDF9F88100213982E4
:1043D0007982688D696A4118E9622046BDE8F081FA
:1043E00038B50546AC6EC4B100E00446206800282C
:1043F000FBD1E1688889FFF7B5F910F0070F0CD100
:104400000120FFF7AFF9E268918908439081A87E07
:1044100040F02000A876002032BD2846BDE8344098
:10442000012151E02DE9F0478046089D0F46924654
:104430009946032005F0010600F0DCFCB6000400FC
:1044400003D13846FEF71FFF1AE0A5720021216054
:1044500067603889B04208DADFF824050FF200718E
:1044600000F15803BA2200F039FD3889801B208101
:1044700014213846FEF703FF20B12046FFF786FDE2
:1044800000201FE061684868E060B608B8F81600D0
:10449000FFF768F9E1680880761DB8F81800FFF7A3
:1044A00061F9E16848804846FFF762F9E1684860D1
:1044B0004AEA0630FFF756F9E26890810021E06889
:1044C00041822046BDE8F0872DE9F8438846002662
:1044D00018F0030F0546DFF8A89407D109F1580337
:1044E00040F21B3209F5127100F07CF805F1620709
:1044F0003888082803DC4FF6FD71884202D35FEA52
:10450000C8721FD55FEA887048BF01260022B1003B
:104510000020FEF7C9FC040014D06089B0EB860FC0
:1045200007DA09F1580340F2413209F5287100F029
:1045300059F800964246AB6D21462846FFF772FFB8
:10454000040006D1A87E40F08000A8764FF0FF302E
:1045500046E0207B10F0030F07D009F1580340F22A
:1045600049320FF2146100F03DF8208938B109F1A9
:10457000580340F24A3209F5377100F033F805F17B
:104580006806316811B9346004E001460868002803
:10459000FBD10C60002018F0030F788002D0A86DCA
:1045A000401CA8655FEAC87103D5A87E40F02000D2
:1045B000A8766068FEF7C9FE39884018388080B256
:1045C00068B17068002804BF3168002907D109F17B
:1045D000580340F26D3209F5427100F003F80020F3
:1045E000BDE8F283484600F079BCFEB50646F06CA3
:1045F000FFF7BEF80346002200213046FFF7ACFE6D
:10460000040006D1B07E40F00300B0766FF00100E8
:10461000FEBD301D01F05EF810B96FF003070BE02E
:10462000029006210191321D707A00903146B37AD2
:10463000204601F03EF907463D462046FEF723FEA0
:10464000B07E002D14BF40F0030000F0FC00B076F7
:104650003846FEBD2DE9F84F054684B0287DDFF8C9
:104660002083012808D108F1580340F2ED3208F503
:104670004C71404600F032FCC24A1068A84200F07B
:10468000268105F14806B18A3088814234BF039102
:104690000390A97E346A88070AD524B100F0B2F9E4
:1046A00000F019F904D2284605B0BDE8F04F9CE7A8
:1046B000D6F82490B9F1000F05D000E08146D9F872
:1046C00000000028FAD1281D01F004F85FEA000A72
:1046D00007D0002D1CBF2868002807D11AF104005C
:1046E00002D16FF00300F3E000682860002C13D0C3
:1046F00000F088F900F0EFF80FD273B1B18A8B4265
:104700000BD1706A48B905F194014878002803D1AB
:10471000002201200A704870D1E000F073F900F027
:10472000DAF8F9D300F018FA400708D508F1580371
:1047300040F246420FF25841404600F0CFFB706A0B
:1047400098B1AA7E12F0440F0FD1306A28B10168E7
:1047500059B90089698E884207D2308B28B1708B95
:10476000082802DC12F0A00FD6D0287D022806D03F
:104770001020FEF7F7FFE268918908439081606896
:10478000C189012947D1686AFEF7F2FFE1688860B4
:10479000688DFEF7E7FFE168C8816A6A688D821854
:1047A000EA6201F11407A17AC80709D5291D4FF45F
:1047B0000670FFF739FD40F00170FEF7D9FF386051
:1047C000B5F93000002844BF00212986686B38B94C
:1047D0006D4908686863E1684868FEF7C9FFA86327
:1047E0006068E168426843898A1A92B29B1A4381E1
:1047F000416003899A1A0281062300220A82CDF8B9
:1048000008A001932A1D697A00912946AB7A01F02C
:1048100050F8010027D120683062297D022903D099
:10482000A87E00F0FC00A87600F0ECF8074600F047
:1048300093F910F0030118BF012120897268C7198C
:10484000C919521A48BF716000F086F910F00300D0
:1048500018BF0120218940182AD000222260706AE6
:1048600030B9746222E0A97E41F08001A9762FE080
:1048700000F0C8F80746D9F80C0000F0C4F83F1A59
:1048800012D505F16C0700E03F68386840B1C06898
:1048900000F0B9F8834600F0B5F8BBEB0000F3D4A4
:1048A000386820603C6006E0C9F80040A14602E09C
:1048B0002046FFF76BFB346A002C7FF42EAF306A82
:1048C00008B90021B183A87E00F07F00A8760020FF
:1048D00005B0BDE8F08F6A6C2189039B801A081827
:1048E000834270472DE9FF478146884615469A4620
:1048F000002214210120FEF7D7FA04003DD0608980
:10490000142808D21E4800F1580340F24D5200F11D
:10491000280100F0E3FA0D9E0C986768FEF722FF6D
:1049200038803046FEF71EFF78804846FEF720FFAD
:1049300078604046FEF71CFFB86045F21400FEF7B1
:1049400011FFB881002146F20800F881398279828E
:10495000504600F0BFFE50B10290062200200192A6
:1049600000902946FF235246204600F0A2FF204631
:1049700004B0BDE8F047FEF786BCBDE8FF87000045
:10498000B4060108C8C000205C00002000F1340318
:104990009A6B0AB970470A4611680029FBD1596B16
:1049A000116000219A6B99635A63997BFF291CBFA0
:1049B000491C9973002119604CE6F8B500F13405E3
:1049C000AC6BF4B12168A96300F1680600E03668B9
:1049D000306840B1C1684868FEF7CAFE074600F07B
:1049E00011F83F1AF3D4316821603460206808B9A7
:1049F00000212986A87BFF281CBF401CA87300202B
:104A00002860F1BDE0684068FEF7B2BE38B50446E4
:104A100004F14805686AE0B1A17E480719D4204630
:104A2000FFF7CBFFA98A2888884238BF0146608EED
:104A30004908B1EB400F38BF41008AB200EB40009B
:104A400080182880A07E40F00400A07669800020B5
:104A5000208631BD3EB50546E86C401EFEF788FE57
:104A60000346002200212846FFF776FC040002D10D
:104A70004FF0FF303EBD281D00F02CFE10B96FF046
:104A8000030508E000F062F82A1DAB7A29462046AB
:104A900000F00FFF05462046FEF7F5FB28463EBD19
:104AA0002DE9FF410646F46E1CB9B46E0CB9002026
:104AB00049E000F051F8C10704D52089451EAD41F9
:104AC000ED0F00E00025E068436885F00102002159
:104AD0003046FFF741FC5FEA000808BF4FF0FF30A7
:104AE00031D0D8F804704DB11120FEF73BFEBA89E1
:104AF0004CF2FF010A401043B88109E06068218947
:104B000003895B1A9BB2012207F11401FEF701FD34
:104B1000FFF778FFF16C401C091A48BFF064301DA4
:104B200000F0D8FD10B96FF0030408E000F00EF8B3
:104B3000321DB37A3146404600F0BBFE0446404683
:104B4000FEF7A1FB204604B0BDE8F08102900621EB
:104B50000020019100907047E0688089FEF702BE56
:104B6000702D3E746F745F6C656E203E3D206F70DB
:104B7000746C656E000000007365672D3E74637091
:104B8000686472206E6F7420616C69676E65640082
:104B9000525354206E6F7420657870656374656439
:104BA000206865726521000080B5FEF7F0FD674959
:104BB0000868002802BF66490868002802D0BDE8DE
:104BC000084012E063480021016001BD61490868A6
:104BD00050B95E4A1068002802BF5D4A106800287C
:104BE00002D001230B6000E0704700225A49FA20EE
:104BF0001CE010B50446606880472068574922468B
:104C0000BDE8104012E070B50126544C544D55F8E3
:104C1000360005EBC602214600F008F8761C052E8A
:104C2000F5D301F0BDF84F49486070BDF8B50546B1
:104C30000E4617460A2000F0DDF804000AD101B044
:104C4000BDE8F040484800F16803D42200F1280193
:104C500000F044B901F0A4F8424B0146186810B9BD
:104C60002A46596002E05A6849198A1A00212160CF
:104C7000A660E760626028B141688D4204D24D1B96
:104C8000456020601C60F1BD024600E00A46636892
:104C900051685B1A6360116839B14E68B342F5D24E
:104CA00019B14868C31A4B6004E09D4202D24068C3
:104CB0004519656021601460F1BD2DE9F047824619
:104CC0008846DFF8A890274E306830B941465046F4
:104CD000BDE8F047002200F035B901F061F8024666
:104CE00070683168121A4868904208D3821A06D058
:104CF0004146504600F026F910F1010F23D13068EB
:104D00000028E3D001F04CF804467068241A31689A
:104D10000029D9D04A689442DFD3706810187060B7
:104D2000A41A0A6832608D68CF680A2000F090F8F3
:104D3000002DECD0484600F03FF93846A8474846D9
:104D400000F03FF9E3E7BDE8F087000068000020CD
:104D50006C0000209CC10020A94B0008F34B000808
:104D6000841E010854C10020741901083CC10020B0
:104D700030B5816800220A6000234268D21C920884
:104D8000920005E00D6815600A605B1C04882244EF
:104D90004488A342F6DB30BD38B50025374CA8B2B5
:104DA00054F82000FFF7E4FF6D1CA9B20D29F6D3DB
:104DB00031BD38B5044600F01EF90546A068046808
:104DC0009CB12168016014F0030009D02B4800F168
:104DD000800300F15C0140F24912343000F07EF8AB
:104DE000284600F011F9204632BD284600F00CF9A3
:104DF000002032BD10B50D28204C0ADB04F18003E1
:104E000040F287121EA104F1340000F067F8002080
:104E100010BD54F82000BDE81040CAE738B504467C
:104E20000D4615F0030009D0DFF850001CA100F179
:104E3000800340F29D12343000F050F800F0DBF8AF
:104E4000A268116829601560BDE8324000F0DCB846
:104E500010B50D28094C0ADB04F1800304F134007D
:104E6000BDE8104040F2DB1215A100F037B821B1C7
:104E700054F82000BDE81040D0E710BD0C18010820
:104E80006D656D705F6D616C6C6F633A20747970E5
:104E900065203C204D454D505F4D415800000000BD
:104EA0006D656D705F667265653A206D656D207029
:104EB000726F7065726C7920616C69676E656400F1
:104EC0006D656D705F667265653A207479706520F6
:104ED0003C204D454D505F4D415800000EB41EB56D
:104EE000024605A801900024009401AB012104486A
:104EF00078440C3000F0F1FF03B010BC5DF810FBFB
:104F00001DD0000010B5044608460022042102F01E
:104F100065F9206000B94CE0002010BD13B50446CF
:104F200020684FF0FF33002201A902F099F9002810
:104F3000F6D113BD02B5006800230022694602F0D5
:104F40008FF91BE0F8B507460D46144601F061FFE6
:104F50000646386844B123460022294602F0B3F9D8
:104F600040B14FF0FF30F2BD4FF0FF330022294631
:104F700002F0A9F901F04DFF801BF2BD08B14FF01E
:104F8000FF3002BDFFE7006800B10120704700005C
:104F900080B5002001F0D6FF1E49086001BD10B5A4
:104FA0000446002001F0CEFF206000B901E000209F
:104FB00010BD4FF0FF3010BD00684FF0FF3102F020
:104FC00001B8006802F02DB82DE9F84189B0074614
:104FD0000D46109E90461C466846242100F076FB44
:104FE0000097059406966A464146284601F025FF3B
:104FF0000AB0BDE8F08180B5064A10684FF0FF3175
:1050000001F0E0FF012002BD0249086802F009B882
:105010000000000098C100207CB56B4C216809B1EC
:105020006068884704F10C00FFF7C6FF6BA5674E68
:1050300006E006F12803692229463046FFF74EFFB5
:1050400004F10C00FFF7BDFF694604F10800FFF70B
:1050500034FE04F10C00FFF7AFFF00980028E8D001
:105060000178022904D019D3042912D00AD315E0FB
:10507000009B81684068DA68904700990920FFF733
:10508000E7FEDDE7009A80685168884700990820AC
:10509000F5E7009A806851688847D1E706F1280350
:1050A0009B22C9E72DE9F04100F04FF820B900F04C
:1050B00055F8B522FFF712FF0920FFF79BFE040009
:1050C0000ED0022020706560A660E760214608F1DE
:1050D0000800FFF72FFF28B121460920FFF7B8FE8F
:1050E0004FF0FF30BDE8F08191F8332012F0180F37
:1050F00014BF374A374AD5E72DE9F04100F025F8CB
:1051000020B900F02BF8EE22FFF7E8FE0820FFF7A9
:1051100071FE040002D14FF0FF300BE0032020703D
:10512000002F6560A660214608F1080004D0FFF753
:10513000F5FE0020BDE8F081FFF7FCFE0028F8D066
:1051400021460820FFF784FEE5E70546DFF8788072
:105150000E46174608F10800FFF714BFDFF86C0091
:1051600026A100F1280370477CB506460C4602F0E4
:10517000FBF8154D06212E606C6005F10800FFF765
:10518000C1FE124C40B104F1280340F2D51204F1E3
:1051900064012046FFF7A2FE05F10C00FFF7FFFEB9
:1051A00040B104F1280340F2D91204F188012046ED
:1051B000FFF794FE182000904FF480630022064908
:1051C00012A0FFF701FF73BD30C10020C81801080D
:1051D000F1F500082757000819500008746370693A
:1051E000705F7468726561643A20696E76616C699B
:1051F00064206D657373616765000000496E7661B8
:105200006C6964206D626F780000000074637069DF
:10521000705F74687265616400000000DFF89803D5
:1052200000F10F0110B58908002389004B800B7134
:105230004FF4C86201F5C8640A80012323712280FB
:10524000628081604460016000F5CC60FFF7A7FEDA
:1052500058B1BDE81040DFF864030FF2BC3100F133
:1052600028034FF4CC72FFF739BE10BDF8B5040027
:1052700000F0938014F00300DFF8407307D007F1CB
:1052800028034FF4D67207F1900100F099F9CA4D46
:1052900029688C4202D36868844207D307F1280347
:1052A00040F2AF120FF28C3100F08AF929688C427B
:1052B00002D36868844205D3FFF79DFEBDE8F24043
:1052C000FFF7A2BE05F5CC663046FFF775FE083C39
:1052D000207938B907F128034FF4E0720FF26C31EE
:1052E00000F06EF900212171A868844238BFAC60DB
:1052F0002868844280F0078007F1280340F25D129D
:10530000B1A100F05DF96868844206D307F1280373
:105310004FF4AF72B2A100F053F994F8040030B129
:1053200007F1280340F25F12B4A100F049F9208888
:1053300040F24161884207D307F128034FF4B1726C
:1053400007F1640100F03CF9296822888B189C421F
:105350000ED0187960B96F68BB4209D0A86898422E
:1053600008BFAC60188820808F1C1B88601AF85218
:105370006788CB19A3420BD0187948B9A868A04216
:1053800008BFAB60208818805A1A2388891CCA522B
:105390003046BDE8F240FFF714BEF1BD2DE9F843F9
:1053A000C91C4FF6FC7202EA01050C2D32BF0C2518
:1053B00040F241618D4231D27F4FDFF8008239687F
:1053C0008146894502D37868814507D308F12803CF
:1053D0004FF4FA72A2A14046FFF780FD3E68B14546
:1053E00002D37868814504D3FFF705FEFFF70CFE72
:1053F00051E0A9F1080139F8080C8E1B801BA0F1BF
:105400000804A4B2AC4207DA08F1280340F20622ED
:1054100099A14046FFF762FDAC4201DA00203BE073
:10542000A54238D007F5CC684046FFF7C5FD3A687D
:1054300039F8083CB9681344187978B9AD190835BA
:10544000ADB218885419994208BF21460023237130
:105450002080668029F8085C208813E005F114009C
:10546000844214D3AD190835ABB2D018884238BF86
:1054700001460023037139F8083C0380468029F86F
:10548000085C0088B0F5C86F1CBF921C1552B9604B
:105490004046FFF796FD4846BDE8F2832DE9F0410E
:1054A000070015D0C71C4FF6FC7007400C2F0CD21C
:1054B0000C27414E06F5CC684046FFF77DFDB168EC
:1054C00032688B1A9BB23D4607E0B7F5C86FF0D93A
:1054D0000020BDE8F081BCF80030C5F5C864A342E7
:1054E00065D202EB030C644620790028F3D12088B2
:1054F000C01A0838A842EED305F1140C604516D343
:10550000FF180837B8B210444FF0000E80F804E0DE
:10551000B4F800C0A0F800C04380278001232371A5
:105520000088B0F5C86F04D01044478001E0012026
:1055300020718C42214F14D1736801E00888111842
:105540000879002818BF9942F8D1B160994218BF74
:10555000002806D007F1280340F2CF224EA100F028
:105560002FF84046FFF72DFD70682D190835A84229
:1055700007D207F128034FF4357207F1B40100F0A8
:105580001FF814F003000FD007F1280340F2D622D1
:1055900007F1E40100F014F807F128034FF4367224
:1055A00007F58A7100F00CF804F1080091E7404615
:1055B000FFF707FD8CE70000189400200C14010889
:1055C0003846FFF78BBC0000706C75675F686F6CC6
:1055D00065733A206D656D203E3D2072616D00005F
:1055E000706C75675F686F6C65733A206D656D20D0
:1055F0003C2072616D5F656E64000000706C7567C1
:105600005F686F6C65733A206D656D2D3E757365CF
:1056100064203D3D203000006661696C6564207443
:105620006F20637265617465206D656D5F6D757463
:10563000657800006D656D5F667265653A206C6522
:1056400067616C206D656D6F727900006D656D5FCF
:10565000667265653A206D656D2D3E7573656400F3
:105660006D656D5F7472696D3A206C6567616C2061
:105670006D656D6F727900006D656D5F7472696D37
:105680002063616E206F6E6C7920736872696E6B37
:10569000206D656D6F7279006D656D5F6D616C6C0D
:1056A0006F633A20216C667265652D3E7573656483
:1056B000000000004AB1000011F8013B521E00F842
:1056C000013B1CBF11F8013BF8E77047002201F0D5
:1056D00063BE000070B50246DFF8CC0214680068B3
:1056E000A0B190F8333003F005010529F7D14168E6
:1056F0000029F4D0866806EA040531408D4211D0B5
:105700009B07ECD4C1688C42E9D170BDA748006802
:1057100038B190F8331001F00501052901D1416835
:1057200001B9002070BD2DE9F84F0646884677681C
:1057300039780809042867D1880000F03C09788886
:10574000FEF710F804463089214681423CBF3046BE
:10575000FDF7DAFC7089484556DB3189A14253D305
:10576000B9F1140F50DB3869914D686100F0F00019
:10577000F9682961E02813D198F83300C10733D5BF
:10578000D8F8040080B3444694BB787A112802BF4D
:10579000B91C31F80900B0F5884F29D1444632E0F0
:1057A0004FF0010B4446DFF800A294F83310C8070D
:1057B0000AD5606840B16A698242E5D02146104648
:1057C000FDF70AFB0028DFD1BBF1000F0ED0287DCA
:1057D0007F2809D0DAF800404FF0000B444508BF9D
:1057E0002468002CE1D1D0E70024CEE72468F5E757
:1057F000286940B14146FDF7EFFA28B9287C00F04E
:10580000F000E02800D01CB93046FDF73CFD09E06F
:10581000F9884FF63F70014207D0304601F0B3FEE1
:10582000060001D1002042E077682C60C5F80480B2
:10583000AF60C9F100013878800000F03C00A88119
:1058400009B23046FDF71BFD787A01280DD00628F5
:1058500006D011280ED14146304602F09AF91FE0D9
:1058600041463046FCF70EF91AE04146304602F058
:1058700071FB15E068692146FDF7AEFA68B9287D2D
:1058800000F0F000E02808D049463046FDF7F9FC6A
:1058900077600221304602F0EBFB3046FDF7F3FC67
:1058A000002028606860A860A88128616861BDE860
:1058B000F28F3EB5089D0C4622B100291ABF096837
:1058C00000292C1D02959DF818109DF81C50009180
:1058D0000195214600F002F83EBD00002DE9F84395
:1058E00006468846F089DFF8CC90012814461F460A
:1058F00000F0088009F1280340F2333230A1484615
:10590000FFF7ECFA002C38D014213046FDF7B7FC35
:1059100010B16FF0010045E070897568142808D255
:1059200009F1280340F2613209F168014846FFF7A6
:10593000D5FA099808992F726872452022681E4F7F
:105940002A61287069703089FDF70CFF688000209B
:10595000E8803888FDF706FFA8803888401CB8F139
:10596000000F388003D115490868E86002E0D8F8D4
:105970000010E9600020688103E071680869009008
:105980006C460A9B588D40B13189884205D2224627
:105990001946304601F0A2FF04E018465B69224632
:1059A00031469847BDE8F28344C1002048C1002039
:1059B00018C10020B81A0108A4C100202020010845
:1059C000702D3E726566203D3D20310010B586B0D9
:1059D000044614216846FFF779FE2268DFF8A41414
:1059E0008A4270D100200590DFF89C04026842F0E2
:1059F00000720260016801F0007100F066F842F088
:105A000080620260016801F0806100F05EF842F09F
:105A100000620260016801F0006105910021059AB1
:105A20000591036843F004030360016801F0040179
:105A300000F04BF842F001020260016801F0010140
:105A400005910021059A05910221036843F00203A4
:105A500003600323006800F0020005903220059ADD
:105A6000019100900B210022049102920393694658
:105A7000DFF8180402F044FB022186220191009213
:105A800000200B2102900322049103926946DFF863
:105A9000000402F035FB00210222029101924FF432
:105AA00060500B2100900322049103926946DFF8B5
:105AB000E40302F025FB002207213D2002F047FC11
:105AC0003D2002F063FC06B010BD05910021059B4E
:105AD000059102687047DFF8C013886C01F04EBB77
:105AE0002DE9F84FDFF8B003C56AAE680C464FF0F9
:105AF000000B002707E061684A465144FFF7DAFDD2
:105B000024684746CB443CB32968002921D4B4F823
:105B10000A904FF0000A0CE00AF2F45A0BF2F45B20
:105B2000AE68C146AAEB070AABEB070BA9F2F45922
:105B30000027F01907EB090840F2F4518845DAD93B
:105B4000CA1B61685144FFF7B5FDED68296800295B
:105B5000E2D56FF0070004E05946CF4802F096FD09
:105B60000020CD4B1A6841F2040111440B699A06DA
:105B700003D520230B6100220A60BDE8F28F2DE9D6
:105B8000F14FC54FB86C4FF0FF3101F0C8FA002853
:105B9000F8D1C248FFF710FA384602F0E9FD0026B6
:105BA000B0460028C14652D1F96BD7F840B088B250
:105BB00058B3032289B20420FDF776F9060024D0F9
:105BC0003C6B42895B460546C246CB460DE0ACEBDA
:105BD0000A02FFF76FFDE468A3680BF2F45B42462C
:105BE000ABEB0A0BA2F2F452CA4668680AEB020851
:105BF00040F2F45CE045584403EB0A01E7D89B46C9
:105C0000FFF758FD28680028DBD1386B06E00168F3
:105C100041F00041016009F10109C068B96B894593
:105C2000F5D30022BA6341F2080039680844C2681B
:105C3000110603D58022C260002101603EB13046CA
:105C400000990A69904710B13046FDF71CFB934854
:105C5000FFF7B7F9002E9CD194E7000070B504005F
:105C60008CB008D1DFF8380296A100F1280340F289
:105C70003A22FFF733F904F12C06732030727421B5
:105C8000717288488849844D7E4A6061A161002014
:105C9000009001214FF48040A860696000208DF8D9
:105CA0000400298201A880212A6041704FF400621B
:105CB0000021EA60C170E12201218270A961002205
:105CC00068614FF400018280EA612962284602F08F
:105CD00085FB18B9F07940F00400F07141F61C1012
:105CE0002A18042305F1CC01284602F04EFC0423B7
:105CF00005F5A67205F14C01284602F083FC06204A
:105D0000307069690A78727068694278B2700022EE
:105D100069698878F0706969C8783071696908794B
:105D2000707169694879B07140F2DC516185012177
:105D3000F07940F00A00F071012001F09AF9A864AE
:105D4000242103A8FFF7C2FC5CA04FF4AF723021FE
:105D500003900892099103AA2146544801F06DF876
:105D6000284602F0EAFD6A46112100F0A3F80098E7
:105D700040F003000090112100F00EF86A46122155
:105D800000F098F8009840F020000090122100F0F8
:105D900003F800200CB070BD009A284602F093BDB5
:105DA00002F090BF38B50446002000903A4D06E05E
:105DB000B8B10098A8B9104603F04FF811E000F010
:105DC00077F8009800F004000090226892F8330001
:105DD00010F00400ECD100990029E9D0104603F03E
:105DE00021F8C82001F08AF8E9E73EB500220192C7
:105DF00004460092284D94F8332051073BD568683B
:105E000070B34FF480520021FFF7C7FF02F05AFF32
:105E1000019000F04DF802F055FF019A801A40F20F
:105E2000E93188421CD2009A9006F2D56A461021C8
:105E300000F040F8009948074CBF4FF40060002084
:105E4000E8600099880754BF4FF480400020A860A4
:105E50000021284602F0E6FD284602F06EFD0DE026
:105E6000A868EA68C0035203000C40EA124200210D
:105E7000FFF793FFECE7284602F08FFD204603F082
:105E800009F837BD00800240303802400008024067
:105E90000000024000040240283D00203CC10020D8
:105EA0001C1D01082BBC0008E15A00087F5B00089C
:105EB0006A460121284602F0CDBC000045746849BD
:105EC000660000006E6574696620213D204E554CC9
:105ED0004C00000040F0200070472DE9F14FB0B0B9
:105EE000924604910DF142013A9A2B9199464A70DB
:105EF00000200AE01AF8011B0498309A9047002805
:105F0000049000F043860D98401C0D909AF8000014
:105F100050B12528EED10022002107920891099264
:105F20000A910B920C9104E00D9800F031BE41F003
:105F300001011AF8010F2028F9D023280CD02B28B2
:105F400004D02D2805D0302809D00BE041F0020103
:105F5000EFE741F00401ECE741F00801E9E741F027
:105F60001001E6E72A280FD1D9F8002052F8040BD7
:105F7000C9F8002000280F9003D540420F9041F04F
:105F800004010AF1010A14E00F92DFF80C0C0AE098
:105F90000F9C844205DA04EB840302EB4302303A9F
:105FA0000F920AF1010A9AF80020A2F130030A2B9D
:105FB000EED39AF800202E2A03D04FF0FF300E9037
:105FC00029E01AF8010F2A2809D1D9F8002052F83F
:105FD000040BC9F800200E900AF1010A1BE02D28DD
:105FE0000CBF0AF1010A002000220E92DFF8A85B24
:105FF0000BE040B90E9BAB4205DA03EB830402EBE6
:106000004402303A0E920AF1010A9AF80020A2F1F5
:1060100030030A2BEDD3ADF840100FF680309AF81C
:10602000001002F039FF08B11AF8010B8DF8420098
:106030009DF84200682805D19AF8001068290CD113
:10604000622006E06C2804BF9AF800106C2904D185
:1060500071208DF842000AF1010A12AA06921AF87C
:1060600001BBBBF125002CD01C3800F09781001F2C
:10607000022840F29381133800F0BA84093800F006
:106080008D81801E00F04F85401E00F0FC84401E74
:10609000022840F28381001F00F0F584401F00F0C9
:1060A000F280401E00F0A484401E00F0DA80C01E82
:1060B0000ED0801E00F09C84C01E00F0998400F079
:1060C0003DBD0122252107928DF8481000F042BD08
:1060D000D9F8000050F8044BC9F80000002C0594D2
:1060E00040F0AB802B994878002800F0A1804FF059
:1060F000FF340FF6B02002F0DBFE241A40F0468594
:1061000000F028BD01236A4602A9304600F00CFECB
:10611000002840F03B85641EF4D13096079C12AEF7
:1061200074B1309F16F8011B0498B84700280490FA
:1061300000F02C850D98401C641E0D90F2D1309714
:106140000A9C3021002C8DF800100CDD309E0123BC
:106150006A4602A9304600F0E7FD002840F01685A7
:10616000641EF4D13096059E089C74B1309F16F8D9
:10617000011B0498B8470028049000F007850D988B
:10618000401C641E0D90F2D130970B9C3021002CE6
:106190008DF800100CDD309E01236A4602A93046BE
:1061A00000F0C2FD002840F0F184641EF4D1309666
:1061B00005980899099C461874B1309F16F8011B80
:1061C0000498B8470028049000F0E0840D98401C23
:1061D000641E0D90F2D130970C9C3021002C8DF86C
:1061E00000100CDD309E01236A4602A9304600F003
:1061F0009BFD002840F0CA84641EF4D130969DF8BF
:10620000400041077FF582AE2020002D8DF8000070
:106210007FF77CAE309C01236A4602A9204600F03D
:1062200083FD002840F0B2846D1EF4D130946DE6F9
:106230000FF65430059000F08DBC0E9D002D04D556
:10624000204602F055FE044608E02A46002120467A
:1062500002F058FE002814BF041B2C46089400F0DE
:1062600079BCD9F8001051F8040BC9F8001020F0DF
:106270000002002121F0FF33CDE9022312AC059486
:10628000782100F04CBC2B99487820B14FF0FF34B6
:106290000FF6C4202FE79DF84200622860D06828DE
:1062A00017D06A283FD06C2806D0712847D07428B0
:1062B0002CD07A281DD062E0D9F8001051F8040BD8
:1062C000C9F80010002866D14FF0FF340FF6A02067
:1062D00011E7D9F8001051F8040BC9F8001020B9E3
:1062E0004FF0FF340FF6882005E70D99018000F08C
:1062F00031BCD9F8001051F8040BC9F8001000287F
:1063000049D14FF0FF340FF66820F4E6D9F80010B9
:1063100051F8040BC9F8001000283CD14FF0FF34AD
:106320000FF64C20E7E6D9F8001051F8040BC9F835
:10633000001080B94FF0FF340FF63420DBE6D9F8B7
:10634000001051F8040BC9F8001020B94FF0FF34C9
:106350000FF61C20CFE60D9AD317C0E90023F9E30E
:10636000D9F8001051F8040BC9F8001020B94FF00B
:10637000FF340FF6FC10BEE60D990170EAE3D9F880
:10638000001051F8040BC9F8001020B94FF0FF3489
:106390000FF6DC10AFE60D990160DBE39DF84200DB
:1063A0004C2807BFD9F80010CA1DD9F80000C21D3B
:1063B00022F00702C9F80020D2E900010832C9F82A
:1063C0000020CDE90201C80F02D007982D210AE074
:1063D000BDF84010880702D507982B2103E0C807B5
:1063E00005D50798202112AA1154401C079012A825
:1063F00007994BF0200300EB010CDDE90201CDE928
:106400002C01612BCDF814C021AC0BD00E980028C4
:1064100048BF062105D404BF4BF02000672801D1F6
:1064200001210E91DDE902677B0043EAD6735A151C
:10643000DB174FF0FF30834208BF824210D13F0389
:1064400047EA16573603002F08BF002E08D0ABF1DD
:10645000610503211A2D089118D30FF6341110E0AD
:10646000DDE902014A00521512F1010F11D10803B2
:106470000FD1ABF1610503211A2D08911FD30FF63F
:10648000181103226046FFF715F963E30FF6FC01CC
:10649000F7E7DDE902016A4602F060FDCDE902019D
:1064A0004BF02000612811D1059830220270811C28
:1064B0000591BBF1610F0CBF7821582102E00FF666
:1064C000D401DEE741700798801C0790DDE90201E6
:1064D00020F0000231F0004308BF002A02D100265C
:1064E000002542E14BF02008B8F1610F40F09380A5
:1064F0000E98002847BF21210191401C0190019E68
:10650000DDE92C01761C00220023DDE9024502F0C2
:106510005DFD38BF85F0004500988DF88420001F90
:10652000002E00900DF1850732DD2046294600221D
:10653000002302F065FD2BD21C2202F07BFD0446F5
:106540000D4602F015FEF61F002E804609DD02F012
:106550002BFE02460B462046294602F0EDFE04467D
:106560000D46F81D0721B8F1000F0CDD491E5EBF76
:1065700008F00F0200F8012D4FEA2818F3D502E0C9
:10658000002200F8012D491EFAD5C71D002ECCDCD3
:106590000DF185003F1A01980DF185043E468742B2
:1065A000C8BF0646002E2FD4BE4206DA0DF1850084
:1065B000815D0829A8BF0F2000DA0020324621A9FA
:1065C0008D1800E0761E15F80139521E8342F9D06D
:1065D0000F2804D10DF18501885C401C8854002AE5
:1065E00004D50098001D21AC761C0090701E0BD4C1
:1065F00021180B783033DAB23A2AA4BF5B443A3B15
:10660000401E01F80139F4D50E99002940F1AC8003
:10661000701E0E90A8E00099DFF8FC2647F2975014
:10662000414391FBF2F20092DDE92C45C2F10702F1
:10663000002A25F0004504DD2046294600F049FBEC
:106640000BE052420020DFF8D41600F042FB024675
:106650000B462046294602F0E1FE04460D46B8F1FD
:10666000660F06BF009E0A3606260E983618142EB0
:10667000C8BF142630208DF884000DF18507002E48
:1066800034DD2046294602F0EDFF01460A4607F1B7
:10669000080C04200A27B2FBF7FE0EEB8E03A2EBD8
:1066A000430230320CF8012C0A22BEFBF2F202EB5C
:1066B0008203AEEB43033033401E0CF8023DE9D1B8
:1066C000083E002E0CF10807D9DD084602F0DCFF79
:1066D00002460B462046294602F02EFE0022DFF835
:1066E000403602F0DFFF04460D46CAE70DF1850093
:1066F0003F1A0DF1850404E00098401E7F1E0090B3
:10670000641C20783028F7D0B8F1660F02D1009EC3
:10671000761C04E0B8F1650F0CBF012600260E9828
:106720003618B742B8BF7E1E002E1DD4BE4204DA12
:10673000A05D3428C8BF392000DC30203246611EFD
:106740008D1800E0761E15F80179521E8742F9D0A7
:10675000392802D1A05C401CA054002A04D500981E
:10676000401C0C46761C0090009D03F071F8406AB6
:106770000778DDF8388030B2002802DC01260FF2FD
:106780001C644BF02000662808BF6D1C16D06728DB
:1067900045D128B210F1040F47DB404545DA9DF89A
:1067A00040106D1C080703D430B24045D8BF804666
:1067B00028B2B8EB000848BF4FF000080FFA85FB7D
:1067C000BBF1000F00F3B3800898411C0891302200
:1067D00005990A54B8F1000F03DC9DF84010080732
:1067E00004D50898411C089105990F5418EB0B0F1C
:1067F000B8BFC8F100052DB26842454432B20B90D3
:106800009542B8BF2E46059B089836B20996324687
:1068100021461844FEF74EFFAD1B0C95D1E0BBF1AD
:10682000610F17D14FF0700B19E030B2404504DA18
:106830009DF840100A0758BF8046B8F1010848BFCC
:106840004FF00008BBF1670F14BF4FF0450B4FF03E
:10685000650B04E0BBF1410F08BF4FF0500B0898E7
:10686000411C0891B8F1000F059914F8012B0A5446
:1068700003DC9DF8401008071AD50898411C0891C0
:10688000B8F1000F05990F5412DD761E30B2804525
:10689000B8BF46460598089B32B221461844FEF719
:1068A00009FF089836B230180890A8EB06000B9044
:1068B00005980899014428B2002881F800B003D453
:1068C0002B204870891C04E02D224A700546891C43
:1068D0006D4200202CAA0AE02B460A2593FBF5F511
:1068E00005EB8504A3EB440302F8013B401C2DB2E9
:1068F000002DF1DC012806DC4BF02002652A04BFE4
:10690000302201F8012B00282CAB08D1302001F8EF
:10691000010B06E0401E1A5C303201F8012B002802
:10692000F8DC059A08981044091A099149E031B237
:1069300028B281421CDA059B089832B221461844DD
:10694000FEF7B8FE089936B271180891ABEB060055
:10695000B8F1000F0B9003DC9DF84000020704D54E
:10696000059847540999491C0991CDF8308028E0D1
:10697000059B08982AB221461844FEF79BFE08980A
:10698000761B5844B8F1000F089003DC9DF84010C6
:106990000A0703D5411C089105990F5430B2804570
:1069A000B8BF46460598089B32B204EB0B01184469
:1069B000FEF780FE089836B230180890A8EB060063
:1069C0000B909DF8400000F01400102840F0C280A9
:1069D000079A08980B99821809988A1882180C98B7
:1069E0000F998018884280F2B580081A0A90B1E0A9
:1069F0009DF84200622808D068280ED06A2814D07A
:106A00006C281FD0712810D01CE0D9F8001051F864
:106A1000040BC9F80010C0B21AE0D9F8001051F800
:106A2000040BC9F8001080B212E0D9F80000C21DB2
:106A300022F00702C9F80020D2E900010832C9F8A3
:106A4000002006E0D9F8001051F8040BC9F8001036
:106A50000021CDE902019DF8400002075AD5DDE989
:106A60000201002908BF002854D04BF02002782AE8
:106A700050D1079912A830234354491C4A1C07924D
:106A800000F801B046E09DF84200622808D068286E
:106A90000ED06A2814D06C281FD0712810D01CE0AA
:106AA000D9F8001051F8040BC9F8001040B21AE0F0
:106AB000D9F8001051F8040BC9F8001000B212E028
:106AC000D9F80000C21D22F00702C9F80020D2E95F
:106AD00000010832C9F8002006E0D9F8001051F88A
:106AE000040BC9F80010C117CDE90201002902D535
:106AF00007982D220AE0BDF84000810702D50798CB
:106B00002B2203E0C00705D50798202212A90A54BA
:106B1000401C079012A8079901440591594602A804
:106B200000F04EF816E001200790D9F8001051F857
:106B3000040BC9F800108DF848000BE00122252154
:106B4000BBF1000F07928DF8481003D00220079088
:106B50008DF849B00F9D07980A992D1A08986D1A5B
:106B60000B992D1A09986D1A0C992D1A9DF8400051
:106B70006D1A41073FF5D2AA2020002D8DF80000A4
:106B80007FF7CCAA309E2C46FFF7BCBA4FF0FF30FF
:106B900031B0BDE8F08F0000CBCCCC0C686A6C74CF
:106BA0007A4C00007072696E74665F733A2062619D
:106BB0006420257320617267756D656E7400000036
:106BC0002DE9FE4C06468B46376958466F2808BFAC
:106BD000082205D0FFF77EF9782814BF0A22102278
:106BE000D6E900013C2504468A46BBF1640F18BF74
:106BF000BBF1690F04D1002902D564426AEB4A0A4D
:106C0000BAF1000F08BF002C0CD1306B50B9082A24
:106C10003BD196F83810080737D530213B2587F847
:106C20003B1032E08DF800B09346204651465A465C
:106C3000002302F011FE3032D0B26D1E3A280195C9
:106C40000DDA7A55204651465A46002302F004FEDA
:106C500004465FEA010A08BF002C05D108E09DF850
:106C600000001218513AECE7F16878198142DCD340
:106C7000BBF1080F09D196F83800010705D5785DFA
:106C8000302802D06D1E30207855C5F13C02306BA3
:106C9000B26179198242F16007DA318F821A4FF6B8
:106CA000EF7001403262318710E000280ED596F86F
:106CB000380000F01400102808D1736B7069316A35
:106CC0001B1A5B1A9B1A002BC8BF336203B0BDE8C6
:106CD000F08C2DE9D04306460F4614464FF00008CD
:106CE000DFF8409012E0E00707D542464B463046B9
:106CF000394602F0D7FC06460F4640464946424612
:106D00004B4602F0CFFC641080468946002CEAD145
:106D100030463946BDE8D083A08601000000F03F30
:106D200084D7974100002440F8B505460E46174623
:106D30001C4600205CB117F8011BB068A847B06082
:106D400030B1F06A401CF0620020641EF3D1F2BD45
:106D50004FF0FF30F2BD00007072696E74665F73B1
:106D60003A20256E20646973616C6C6F77656400EE
:106D70007072696E74663A2062616420256E2061CB
:106D80007267756D656E7400000000006E616E00C4
:106D90004E414E00696E6600494E460030000000CC
:106DA000EFF30580002804BFEFF31080002807D11F
:106DB000DFF88C110868022803D1EFF3118000B1CD
:106DC00094E0086810B901220A6070474FF0FF3064
:106DD0007047000080B500F0F1F804BFEFF31080B9
:106DE000002805D100F085F803D1EFF3118000B140
:106DF00009E00A68012A05D10220086002F0C4FEF9
:106E0000002002BD02E06FF0050002BD4FF0FF3030
:106E100002BDEFF30580002804BFEFF310800028C7
:106E200007D1DFF81C110868022804D1EFF31180A4
:106E300008B102F03EBF02F038BFF0B585B00023C4
:106E40000493EFF30583002B04BFEFF31083002BB3
:106E500049D1DFF8EC402368022B03D1EFF3118313
:106E6000002B40D103003ED00023802518268DF84A
:106E70000C3003AC5AB3136803B11C4693691BB1C1
:106E80001E0004D0392E02D21779FB0701D500204D
:106E90002AE0536903B19D08D2F80CC0976887B106
:106EA000BCF15C0F1FD31269002A18BF002B1AD047
:106EB00001920B46029700962A46214602F050FDA9
:106EC00010E0BCF1000F04BF1269002A0BD104AB23
:106ED000019300960B46AAB2214602F071FD0128EB
:106EE00001D000200490049805B0F0BD6FF00500BB
:106EF0007047DFF84C1008680228704710B500F0A2
:106F000015F804BFEFF31081002905D100F012F845
:106F100005D1EFF3118111B16FF0050403E00024F6
:106F200008B102F018FE204610BD0025EFF30581E0
:106F300000297047024A11680229704700000000CA
:106F40005CC1002070B50446002600F037F804BF8D
:106F5000EFF3108000282ED1FFF7CBFF03D1EFF322
:106F60001180002827D1002C14BF6068002000F099
:106F7000010500071FD454B1E068A16831B1502861
:106F800019D38DB1042003F0C6F906E098B9002D9D
:106F900014BF0420012003F0B3F906000BD0002C2D
:106FA00014BF2168002101E00120ECE703F05AFD45
:106FB0000DB146F00106304670BD0446EFF3058082
:106FC00000287047F8B5024650080C464000FFF70D
:106FD000ACFF04BFEFF31081002907D1DFF87C3349
:106FE0001968022905D1EFF3118111B16FF0050580
:106FF00015E010B96FF0030511E0D1076FF002063C
:107000006FF00107214602D503F0ABF901E003F070
:10701000A5FB012803D0002C14BF3D463546284669
:10702000F2BD38B50146480840000024EFF3058260
:10703000002A04BFEFF31082002A05D100F009F9FD
:1070400005D1EFF3118212B16FF005040FE010B912
:107050006FF003040BE0C9076FF0020502D503F0DF
:1070600067F901E000F056F8012818BF2C462046C9
:1070700032BD7CB50E461446FFF757FF04BFEFF351
:107080001081002944D1FFF755FF03D1EFF311819F
:1070900000293DD100283BD0B04239D344B1E26849
:1070A000A16819B1502A33D3012102E0002A2FD15F
:1070B0000021012819D1012908D1032000900022C4
:1070C000A3680021012003F0B3F802E0032203F0DB
:1070D000DFF805001CD0A6B100F01CF8012810D084
:1070E000284603F027FC002512E0012904D1A268FC
:1070F000314603F058F902E0314603F06EF905001D
:1071000006D0002C14BF21680021284603F0AAFCF9
:10711000284676BD00230022002103F075B97CB516
:107120000C46002578B16FF00206FFF7FFFE04BFA2
:10713000EFF31081002905D1FFF7FCFE12D1EFF328
:10714000118179B114B16FF0030515E000956A461D
:10715000002103F0AEFB01280DD1009860B100F0D2
:1071600034F809E0214603F0F9FA012804D014B1FB
:107170006FF0010500E03546284676BD38B500249D
:1071800010B96FF003041EE06FF00205FFF7CEFEAA
:1071900004BFEFF31081002905D1FFF7CBFE0DD11D
:1071A000EFF3118151B10094694603F00CFA012804
:1071B00008D1009838B100F008F804E0FFF7AAFF02
:1071C000012800D02C46204632BD24484FF0805183
:1071D0000160BFF34F8FBFF36F8F7047F8B5144650
:1071E0000025EFF30582002A04BFEFF31082002A86
:1071F0002DD100F02EF802D1EFF311823ABB002816
:1072000018BF002923D0E4B1E268A36893B1502AE3
:107210001DD32269DAB1676901FB00F6B74216D3C4
:10722000009503F005F8050011D0002C14BF21686B
:1072300000210AE0002A04BF2269002A07D16269FE
:107240002AB9002203F024F8EDE703F00BFC2846EE
:10725000F2BD424B1A68022A7047000004ED00E0BC
:107260007CB500F061F804BFEFF31082002A05D16D
:10727000FFF7EFFF13D1EFF3118282B1002818BF9F
:10728000002910D07CB9009400236A4603F053F91A
:10729000012815D10098A0B1FFF797FF11E0002851
:1072A00018BF002902D16FF003050AE0002322462F
:1072B00003F0AAF8012804D014B16FF0010500E032
:1072C0003546284676BD7CB500F02EF804BFEFF3B6
:1072D0001082002A05D1FFF7BCFF12D1EFF3118213
:1072E0007AB1002818BF00290FD074B900956A46FA
:1072F00003F0DFFA012814D1009898B1FFF765FF79
:1073000010E0002818BF002902D16FF0030509E042
:10731000224603F09AF9012804D014B16FF0010558
:1073200000E03546284676BD1C4600256FF0020673
:10733000EFF30582002A7047094B036003F15C00FC
:107340000860802111607047064B036003F15C0008
:1073500008604FF480711160704700005CC100202C
:1073600034A60020DC9E002080B500220092ED456E
:10737000FDF70EFEFDF752FFFDF70EFD01F0A8FC34
:1073800000F006FCFCF702FAFDF73DFC01BD000031
:1073900062F30F2262F31F4200B500BF130096464E
:1073A0009446103928BFA0E80C50FAD85FEA417C17
:1073B00028BF0CC048BF40F8042BC90728BF20F8DD
:1073C000022B48BF00F8012B00BD000038B5DFF8E4
:1073D000B0064468002503E0401EE07725460C46D1
:1073E0004CB1E07F21680028F6D120460C462946A2
:1073F00000F002F8F4E731BD2DE9F84F07460D46DD
:107400000026BD42DFF87C9606D109F12803AB22A5
:107410000FF2806100F05EF8002D1CBF2868B842B2
:1074200006D009F12803AD220FF2746100F052F882
:107430007C680FF2806861688888D0B909687960D3
:107440001422606807F10801FEF734F90121204693
:1074500000F011FE2046FBF778FF0646B6F5803FA8
:1074600004DB09F12803BC2200F033F82046FBF7C7
:107470000AFF7C6815E06068A34604685846FBF77D
:1074800064FF82460AEB0600B0F5803F04DB09F199
:107490002803CC2200F01DF858465644FBF7F3FEB3
:1074A000B6B2002CE7D12946384600F04EF8DFF896
:1074B000D0452088B04206DA09F12803D2220FF223
:1074C000146100F007F82088801B20803046BDE85A
:1074D000F28F41464846FDF701BD2DE9F0410446D3
:1074E00088460023DFF898556968002000270026A9
:1074F000844600291BE0D1F814E0E268964502BFFB
:10750000D1F818E02269964502BFB1F80CE0A288D4
:10751000964508D0761C20B190F81FE0CA7F9645AA
:1075200001D30846BC460A6802B10F461100E2D1F9
:1075300020B11F466146FFF75FFFC319434501DADB
:10754000012ED1DC1846BDE8F08138B50546DFF8DC
:1075500030050C464168A94202D12A6842600CE01D
:107560004CB9DFF820050FF2885100F1280340F2F2
:107570004512FDF7B3FC2A6822602946BDE8344075
:107580000420FDF765BC2DE9FE4F8046D8F8047055
:107590003878800000F03C00142855D1F888DFF8D6
:1075A000E064FCF7DFF84FEAC00A7888FCF7DAF805
:1075B00001463878800000F03C00A1EB000940460D
:1075C000FBF7C3FE8346308858440A2808DD594635
:1075D0003846FFF782FFB8B3308858440A2833DCB6
:1075E00075680CE06969F868814202BFA969386969
:1075F000814202BFA989B88881422BD02D68002D15
:10760000F0D10420FDF7F6FB04000CD159463846B2
:10761000FFF763FF584504DB0420FDF7EBFB040094
:1076200001D100240EE020212046FEF74FF803216F
:10763000E1771422706820607460394604F1080014
:10764000FEF738F8250015D14046FBF71CFE002058
:10765000BDE8FE8FF888FCF785F8C0040AD1E889F8
:10766000FCF780F8C00405D01422394605F1080063
:10767000FEF720F8FC882406640F04F0010494F05F
:107680000104D144ADF8009009D0BDF800001FFA04
:107690008AF18842D8DB4FF6EC718842D4DAD8F808
:1076A00004707888FCF75EF83978890001F03C01B5
:1076B000401A01904FF00109F888FCF753F8D8F808
:1076C00004300021C000196098809A46019A12186F
:1076D000DA8068680190014600200BE022D0F9882A
:1076E0008B421FD300281EBFC08860454FF00009A1
:1076F0003968384601B34F68BAF80430B7F804C0A7
:107700006345EBD2CAF8001048B1C1888B4224BF50
:1077100092B2944506D3C0F80080994223E092B219
:1077200094452ED24046FBF710FE3188081A30806F
:107730004046FBF7A8FD87E70700DFF8480316D0AF
:10774000BAF80420F9888A4207D200F1280340F2EF
:10775000AB120FF2B831FDF7C1FBC7F80080F88813
:10776000BAF8041088420ED04FF000090BE00199DE
:1077700039B100F128034FF4DA7200F16C01FDF722
:10778000ADFBC5F804802CB9A97FC80758BF4FF0DE
:10779000000933D5B9F1000F2DD0696849B34A68A3
:1077A0009088002805E0D0F804A0D088BAF804201A
:1077B00090421ED1DAF8000000285246F3D1486802
:1077C000B04F504508D107F128034FF4EB720FF288
:1077D0005C313846FDF782FBDAF8001059B107F149
:1077E00028034FF4EC7207F1A4013846FDF776FB4D
:1077F00001E04FF0000919F1010F9CD03088584486
:10780000308034B1A97FBDF80000A88341F00101A8
:10781000A977B9F1010F7FF41AAFA88B1430A883B0
:107820001422686847683C6805F108013846FDF78E
:1078300041FFA88BFBF796FF78800020F8807881C5
:107840006F680CE0D4F804906FF013012046FBF74A
:1078500016FD21463846FBF79AFDD9F80040002C6A
:10786000F0D171688D4202D1002105E00146002966
:107870001CBF0868A842F9D12846FFF766FE3846C3
:10788000FBF763FD3188081A30803846E0E60000D7
:1078900010B5040007D17B48A8A100F1280340F2ED
:1078A000AE22FDF71BFB2146BDE810400520FDF789
:1078B000CFBA000010B5040007D17248A2A100F1B0
:1078C00028034FF42E72FDF709FB606908B1FBF73E
:1078D000DAFC2046BDE81040DAE700002DE9F34F5E
:1078E00089B00646488D1438811000EB5170400372
:1078F000000C0690002570680590144601788900F8
:1079000001F03C0114294FF014096FF0050704D071
:107910005D4B5E4940F2E1220BE0C088FBF722FF9D
:10792000C0F30C018004039108D5574B89A140F2A4
:10793000E6225448FDF7D2FA384697E03089089499
:10794000A0F11407BFB22DE00399012060F35F316D
:1079500008E00A99488D1438B842A944F4DB039929
:10796000C1F30C010846FBF7FDFE0499C880BDF881
:107970000800143080B2FBF7F5FE0499488000201F
:107980000499488159460A98089A43699847584685
:10799000FBF779FCBDF8080003993F1A06984118D7
:1079A000BFB20391002F68D00698B7EBC00FB2BFEB
:1079B000ADF80870C000ADF80800002214210220C4
:1079C000FBF772FA04004FD07089142806DA2E4BA8
:1079D00067A12C4840F20932FDF780FA05996068EA
:1079E0001422FDF767FE606829490490A346BDF89C
:1079F00008000791044622E0A8B201901FFA89F01E
:107A000071680844009043460222A9B20420FBF7A3
:107A10004BFB5FEA000A2CD03046FBF79FFCC8F80E
:107A2000146051460798C8F81000641B5846FBF7CD
:107A3000AEFCA4B2002C8CD036684FF00009002CAC
:107A400087D07589A5EB0905A8B28442B8BF254641
:107A5000A8B20028F0D00520FDF7CCF95FEA0008B5
:107A6000CAD15846FBF70FFC4FF0FF300BB0BDE812
:107A7000F08F4046FFF70CFFF3E70020F6E7000029
:107A80004CC10020441601086C1601080C170108AF
:107A9000B57800087072657620213D20697072000B
:107AA000707265762D3E6E657874203D3D2069705C
:107AB0007200000070627566735F667265656420AF
:107AC0002B20636C656E203C3D20307866666666D0
:107AD0000000000069705F72656173735F706275AA
:107AE00066636F756E74203E3D20636C656E0000AA
:107AF00073616E69747920636865636B206C696E6D
:107B00006B6564206C6973740000000063686563D2
:107B10006B20667261676D656E747320646F6E278B
:107B200074206F7665726C617000000073616E691D
:107B3000747920636865636B000000007020213D4C
:107B4000204E554C4C00000070637220213D204EA9
:107B5000554C4C0069705F6672616728293A204D68
:107B60004620616C72656164792073657400000061
:107B700074686973206E6565647320612070627536
:107B80006620696E206F6E652070696563652100EF
:107B900070472DE9FC4781460C46B9F80A000828D1
:107BA00071DBDFF88C53D9F8046029686869FBF74A
:107BB00013F980463088FBF7D5FD82467088FBF7C5
:107BC000D1FDDFF870335968A446864600220024B0
:107BD000084610E000281CBF0168002919D06F6911
:107BE00017F1010F1FBFDCF8086031403740B94280
:107BF0000FD00246C06810B3418A7145F9D1B8F17F
:107C0000000FE7D100281FBF016800296E69B1424B
:107C1000EFD1077C790701D404B90446818A514524
:107C2000E7D1416800291CBF2E69B142E1D1044669
:107C30005AB1E068D0605968E1605C6005E024B941
:107C4000DCF804106869814231D16FF007014846C1
:107C5000FBF715FB70B9BCB1D4F818C0BCF1000F2C
:107C600025D0CDF800A005F11003E0694A46214671
:107C7000E04721E0B0480FF2C82100F1280340F2AC
:107C80005512FDF72BF912E0B8F1000F0FD1287D46
:107C900000F0F000E0280AD0B5F90C10083109B264
:107CA0004846FBF7EEFA0321484600F0E1F9484662
:107CB000BDE8F647FBF7E7BABDE8F3877CB50028D7
:107CC00018BF002A02D16FF0050076BD069D00287E
:107CD0001FBF0468002C04F0F006E02E01D12C1D1B
:107CE00006E06E68B44202D06FF0030076BD044631
:107CF0000194009500F001F876BD2DE9FF470500DD
:107D00000C469A4614BF5FEA02086FF0050050D097
:107D1000688A38B900222946284600F04DF8002824
:107D2000814645D108212046FBF7A9FA80B10022FF
:107D300008210120FBF7B8F8060008BF4FF0FF301C
:107D400037D0208928B121463046FBF759FB00E0A7
:107D500026467089082808D2774800F128034FF496
:107D6000377200F16401FDF7B9F8DDF834907768F7
:107D7000688AFBF7F7FC38805046FBF7F3FC788005
:107D80000020F8803089FBF7EDFCB88011210C9AB7
:107D9000029201914246687A00904946AB7A304699
:107DA000FDF79CFD8146A6421CBF3046FBF76BFAEF
:107DB000484604B0BDE8F087F0B5034601B95F4915
:107DC000002B18BF002902D16FF00500F0BD594DFE
:107DD0006E680024304600E0C06810B18342FBD1D9
:107DE000012410002BD12A88002794460CF10102AF
:107DF0004FF6FF701FFA8CFC844508BF4FF44042D9
:107E0000304600E0C06860B1B0F812E01FFA82FCB2
:107E1000E645F7D17F1CB8B2B0F5804FE5DB2A808C
:107E20001EE02A8090B2D8B101E03B466146086866
:107E300018605A820CB9DE606B600020F0BD8C4681
:107E40003046DCF800101F4600E0C0680028ECD087
:107E50008742FAD0438A934204BF03688B42F4D12D
:107E60006FF00700F0BD70B504000D46164618BF50
:107E7000002D02D16FF0050070BD608A30B900227C
:107E800021462046FFF798FF0100F5D12868294ACE
:107E90006060A682207C40F004002074516808468F
:107EA00000E0C06818B18442FBD1002070BDE160E1
:107EB000546070BD8161C26170471E4A01465068BE
:107EC000884203D1C068506008E0104630B1C268F3
:107ED000002AFAD08A42F8D1CA68C2600020FCF7B2
:107EE000B7BF10B50020FCF785FF040004D02021A7
:107EF00002F002FEFF20A072204610BD002800D133
:107F0000704730B50268002A18BF00290DD00A68F2
:107F10005AB1084B5A6806E0146803689C4204BFD3
:107F20000D681560D268002AF6D130BD000000004F
:107F300018C1002074000020501B010820200108F7
:107F4000706275665F686561646572206661696C00
:107F500065640A002DE9FF47674FD7F8088098F855
:107F60000050AD0005F03C05142D0646894669DB3E
:107F70007089042866D371680878082862D1786906
:107F800000F0F002E02A5DD03968FAF725FF0028FA
:107F900058D13089082855D305F10E0421463046C2
:107FA000FBF76DF90028DFF854A151D03189691829
:107FB000002289B20220FAF777FF040042D06189DB
:107FC00005F10800814218D360682A464146FDF752
:107FD00071FB694209B22046FBF751F940B10AF141
:107FE0006003AF220AF128015046FCF777FF04E056
:107FF00031462046FBF70CFA18B12046FBF743F94F
:1080000020E03046FBF73FF92646746829463046A3
:10801000FBF735F9B0B970687969C16000223B6936
:1080200003612270002101226180FF2303724181DC
:1080300001920091CDF80890002207F1140130461A
:10804000FDF737FC304604B0BDE8F047FBF71BB93D
:10805000644221B23046FBF712F90028D5D00AF16C
:108060006003C0220AF1A0015046FCF737FFE9E7A0
:108070000A46032101E00A460B212DE9F843064692
:108080008946904684B0002224210120FAF70CFF93
:1080900004002ED06089242808D2184800F160031B
:1080A0004FF4B17200F1D401FCF718FF65687768EE
:1080B00085F800900021A980E98085F801801C22C4
:1080C000606871680830FDF7F5FAF868039003A856
:1080D000FDF700FB50B1002169800122029001925E
:1080E0000091FF2303AA2046FDF7E3FB2046FBF7A0
:1080F000CAF805B0BDE8F08318C100204415010896
:108100002DE9F84F0027794EDFF8E4814FF00F0991
:1081100002460B462EE0774DAA4214BF4FF0090EDF
:108120004FF0080E0EFA01F141EA040E724941F8CF
:108130002CE0C54331685C682940E40348BF014333
:10814000316071685C682940A40348BF01437160D5
:10815000B1685C682940E40248BF0143B160F1683E
:1081600005EA010C5968890248BF40EA0C0CC6F8C0
:108170000CC07F1C186830FA07F100F0A1800121C3
:10818000B9400840F5D04FEA470C032404FA0CF438
:108190006FEA040E5C68012C18BF022C03D0112C6E
:1081A00018BF122C10D19468DD680EEA040405FA99
:1081B0000CF52C439460546824EA01015C68C4F314
:1081C0000014BC4021435160D46899680EEA04044D
:1081D00001FA0CF10C43D460B9005C68022C18BFA2
:1081E000122C11D1FC0802EB840401F01C05D4F818
:1081F00020B009FA05FA2BEA0A0BD3F810A00AFA04
:1082000005F545EA0B05256214680EEA04051C799C
:1082100004F0030404FA0CF444EA050CC2F800C0AC
:108220005C68E400A5D54FF0000ECDF800E04FEA01
:10823000970CD8F8004044F48044C8F8004001F09E
:108240000C01D8F800E00EF4804ECDF800E009FAF9
:1082500001F5009CDFF8A0E05EF82C40AC43274D10
:10826000AA4208BF4FF0000E29D0254DAA4208BFF0
:108270004FF0010E23D0234DAA4208BF4FF0020E4B
:108280001DD0214DAA4208BF4FF0030E17D01F4D3D
:10829000AA4208BF4FF0040E11D01D4DAA4208BFDC
:1082A0004FF0050E0BD01B4DAA4208BF4FF0060E33
:1082B00005D0194DAA427FF42EAF4FF0070E31E7DB
:1082C000BDE8F18F0069084018BF0120C0B27047B7
:1082D00002B909048161704710490A6803461A42CD
:1082E0001CBF0B6002F0F1BE70470000003C014073
:1082F000443802400020024008380140000002409B
:108300000004024000080240000C0240001002403D
:108310000014024000180240001C0240143C0140BE
:108320000A01010002D4274B5A547047264801F035
:108330000F01014401F8042C704724490A6860F3D6
:108340000A2240F2FA5060F31F420A60704770B58B
:108350001E4C2368C3F302230124C3F10705052D36
:108360002FBF0F26C3F1070604FA06F6761E1D1D61
:10837000072D34BF0023DB1E3140994004FA03F37C
:10838000BDE870405B1E1A401143C9E7010007D4E5
:10839000012200F01F010E4B8A40400943F82020C3
:1083A0007047401EB0F1807F01D30120704709491A
:1083B0004860F0220848027000238B6007220A60A0
:1083C0000020704700E400E018ED00E00CED00E054
:1083D00000E100E010E000E023ED00E0FEB504461F
:1083E000002000900CB90120FEBD04F1440528785E
:1083F00020B9002169702046FDF7E8FA00200190BD
:108400004FF48056DFF88408016841F48041016030
:10841000006800F4804001900199DFF87418086842
:1084200020F4000008600A68206A02430A6020689D
:10843000815941F00101815100F044FC0746206858
:108440008159CA070BD500F03DFCC01B40F2F51165
:108450008842F4D303222A700020687058E006692D
:1084600003F0DBF9DFF82C28DFF82C18121826F0BF
:108470001C068A4238BF46F0080612D3DFF81C28D3
:10848000DFF81C1812188A4238BF46F00C0608D3D1
:10849000DFF81018DFF810280818904228BF46F0BF
:1084A0000406206806614FF4004200F06BF80028D3
:1084B00051D1FF2003F0E6F96068002841D000F0B8
:1084C00001FC074641F2893600F058F800F0FAFB4B
:1084D000C01BB04216D200994807F5D54FF4805220
:1084E00000F050F8002836D100F0ECFB074600F011
:1084F00045F800F0E7FBC01BB04203D200998806A4
:10850000F5D507E000F037F80120287000216970E8
:108510000320FEBD6A461021204600F09BF9D0B929
:108520000098410747BF4FF40060E0600021E16020
:108530000099880759BF4FF48040A0600021A160D6
:1085400012E0A068E268C0035203000C40EA124245
:1085500000F018F820B100F00EF801202870FEBDE0
:1085600040F6FF7003F08EF9002100F005F80120BD
:1085700028700020FEBD01212046E6E26A46012166
:10858000204667E1002120469DE12DE9F0410446A7
:1085900004F144054FF0000C6878012808BF022060
:1085A0002ED001266E7002202870E1620E461CE07B
:1085B00001EB4C174FF48010386040F2F45000FB90
:1085C0000CFE9644C7F808E0E06928B9D7F80080A7
:1085D00048F44008C7F80080581E84452EBFFE604E
:1085E00007F12000F8600CF1010C9C45E0D32168F4
:1085F00041F2100001230E502B7000226A700020FF
:10860000BDE8F0812DE9F04100F1440400276578D0
:10861000012D08BF022037D0012666700225257083
:1086200081620D464FF0004823E001EB471640F20F
:10863000F45EC6F8008044F2F45C0EFB07FEC6F858
:1086400004C09644C6F808E0D0F818C0BCF1010F89
:1086500005D1D6F804C02CF0004CC6F804C0A3F134
:10866000010E77452EBFF56006F1200CC6F80CC050
:108670007F1C9F42D9D3016841F20C0001230D50A9
:108680002370002262700020BDE8F081F0B5024640
:1086900002F1440400206378012B01D10220F0BDD7
:1086A000012363700225257009B9012104E0D76A0E
:1086B0003B68002B04D51221217060700120F0BDB1
:1086C00040F2F455A94207D9B1FBF5F605FB1613A4
:1086D00003B1761C012E37D1386840F04050386025
:1086E000C1F30C01D06A4160D16A086840F00040D3
:1086F0000860D16AC868D06228E0D76A3B6823F076
:1087000040533B6020B9D36A1F6847F080571F6011
:10871000401CD36AB0425D600ED1D36A1F6847F037
:1087200000571F60A6F1010CDFF88035D76A03FB04
:108730000C1CCCF30C037B60D76A3B6843F000430E
:108740003B60D76AFB68D362B042D6D3106841F26F
:10875000140143585D0706D50423435000201168D7
:1087600041F2040288500123237000206070F0BDA4
:1087700030B500F1440100244A78012A01D10220D9
:1087800030BD01234B7002220A7005E00363012211
:10879000836A8263DA688262836A1D68002D17D457
:1087A000042C15D21A68641C02F44072B2F5007FE2
:1087B000ECD0826B1D68521C15F4407FE8D04363F7
:1087C0008263012A08BF03631A6800F007F830BD0E
:1087D00001220A7000204870012030BD036BC2F3F3
:1087E0000D42121FC2639A68836A0264DA68826269
:1087F00001230B7000204870704770B541F21406D9
:10880000044604F1440520688259510605D52046E6
:10881000FDF761F92068402107E08159C80707D5B5
:10882000204603F043F820680121815100F0E4F86C
:108830004FF480312068815123689A59100408D57B
:10884000204603F034F821684FF40040885100F0CE
:10885000D3F870BD2DE9F041044604F144060F46FB
:1088600030788228154602D10220BDE8F0818220AE
:108870003070BF0122681069218A00F058F808435F
:1088800007F4F867074347F00107176100F01AFA89
:10889000804601E020680769F8070CD500F012FA5D
:1088A000A0EB0800B0F5803FF4D301213170002027
:1088B00070700320D9E72168486980B228600122DE
:1088C00032700020D1E7F8B5044604F144050E46A5
:1088D0002878422801D10220F2BD4220287092B2AD
:1088E00023681869218A5A6100F021F8B60108430B
:1088F00006F4F8660643206846F00306066100F0B9
:10890000E1F9074601E020680669F0070BD500F0A1
:10891000D9F9C01BB0F5803FF5D3012129700020A3
:1089200068700320F2BD012028700020F2BDC9024A
:1089300000F01C0001F47841704738B500F061F890
:1089400001D1022032BD01226A700221297000F09B
:108950005EF841F0080100F05FF8009A21680A60B3
:1089600000F055F841F0040100F056F80099206835
:108970000160204600F063F9226841F218001158A6
:1089800041F40051115021680A5842F002020A5085
:10899000012129700020687032BD38B500F031F82F
:1089A00001D1022032BD012169700220287041F2FC
:1089B000180021680A5822F400520A5022681158FF
:1089C00021F00201115000F022F821F0040100F022
:1089D00023F8009821680860204600F030F900F084
:1089E00016F821F0080100F017F8009821680860D7
:1089F00000F002F8002032BD01232B7000226A70C3
:108A00007047044604F14405687801287047002047
:108A1000009020680168704701602268106800902B
:108A2000012020E1F8B5064606F144050C466878B9
:108A3000012801D10220F2BD0121697002202870B5
:108A4000002CF768D6F808C033686BD0D3F800E084
:108A500097482168626800EA0E00084342EA000174
:108A6000A0680843E16808434CEA00012069084314
:108A7000616908430743A069E1690743206A0F431E
:108A8000616A0743A06A0F4307431F6001203268F1
:108A9000176802F0F7FE30680760E26A206B616BCE
:108AA00033680243A06B0A43E16B0243206C0A4324
:108AB000616C0243A06C0A4302435A600120316892
:108AC0004F6802F0DFFE306847603068E16C81601B
:108AD0003068216DC1604FF6417032689369616DF5
:108AE0000340A06D43EA0143E16D0343206E0B4355
:108AF000616E0343A06E0B43034393610120316811
:108B00008F6902F0BFFE30688761E16E206F3268C6
:108B10000143D16101203168CC6902F0B3FE3068B5
:108B2000C4610CE0186820F490404CEA0000074350
:108B30001F603068046800F07FF83068046001212D
:108B4000297000226A700020F2BD38B5044629B1B0
:108B50004FF400614FF48040E160A060E0690028BC
:108B60000CBF4FF480650025226851481368A16846
:108B70000340E0680B4303431D4345F40075156053
:108B80000120156802F07EFE2068056040214160EA
:108B9000456800F051F821684D600020886000228F
:108BA000CA604FF641708A69024042F080028A61D1
:108BB00001208D6902F066FE206885610021C16197
:108BC000C56900F039F821683A48CD6141F21802D0
:108BD0008B58034043F0087343F004038B5001208B
:108BE0008D5802F04FFE2068334900F580508561B2
:108BF0000160056800F020F8206800F580500560ED
:108C0000A169012905D1C16941F4803141F04001D8
:108C1000C161606943790279284942EA03220A6006
:108C20008278C378120442EA03624378007842EA09
:108C3000032202434A6031BD012002F023BE38B551
:108C400004460020009041F218052168485940F47C
:108C50008010485101204959009100F004F8009813
:108C60002168485131BD164B1A68D2084FF47A7109
:108C700081B0B2FBF1F14843009000BF0098411E63
:108C800000280091F9D101B070470000443802403B
:108C90000438014000D3CEFEC0E1E40040F1E9FD1C
:108CA00040787D0100796CFC005A62020CFAFFFFEB
:108CB0000F8120FF233FDEF88020C1024080024068
:108CC0005400002001484068704700BF4800002061
:108CD000704700002DE9F041DDF81C80B8F1000F6D
:108CE00007460C4615461E4606D13E4863A100F1D4
:108CF0002803FB22FCF7F2F80898DDF818C02A4692
:108D000000257D60FD6021463346002407F12805DB
:108D1000BC6007F12406EC72346003262E70FC61FF
:108D2000C7F820C0304C2678AE73761C26703861A8
:108D3000384600F00BF83846C04708B1002003E081
:108D40006068386067603846BDE8F081F8B507466E
:108D50000C0015461E461CBF206800280BD1384663
:108D600000F016F82946384600F034F83146384607
:108D7000BDE8F4402AE02946384600F02BF8314699
:108D8000384600F023F821463846BDE8F440FFE7B6
:108D900038B505460C0012BF2068144908680090D9
:108DA0006A680098904210D06946281DFBF75EFA69
:108DB0006946281DFFF7A2F8002C0CBF0020206890
:108DC00068600121284600F021F831BD01B1096831
:108DD000C160704701B109688160704702498860CD
:108DE00070470000641C010840C1002020200108D9
:108DF00090F83320D10708D442F0010280F83320E4
:108E0000520744BF032100F001B87047CA0708D5D4
:108E1000416831B190F833100A0744BF011D03F0D7
:108E2000A9B8704738B5044604F11C05E87D410730
:108E300012D440F00400E875204603F0F1FAE97D11
:108E4000C80703D503212046FFF7E0FF296819B1C1
:108E50002046BDE83440084731BD00F11C03D97DF0
:108E60004A0706D501F0FB01D9751968002918BF1A
:108E70000847704700B1C161704700004E6F20691C
:108E80006E69742066756E6374696F6E20676976AB
:108E9000656E000070470000C9B202788A421AB1BC
:108EA0001CBF10F8012FF9E718BF00207047000021
:108EB00080B500B906A005490B681BB1222200212C
:108EC000984701E004F066F9222002BDA0C100200D
:108ED000636F6E73747261696E742068616E646C26
:108EE00065723A20626164206D6573736167650025
:108EF00000F1010310F8011B11B110F8011BFBE791
:108F0000C01A7047C9B2830706D0521E22D310F888
:108F1000013B9942F7D11FE0083A13D302F1040252
:108F200041EA012141EA014150F8043B121F21BFEF
:108F30004B40A3F1013C2CEA030C1CF0803FF3D022
:108F4000C9B2001F0832521E24BF10F8013B91EA3B
:108F5000030FF8D818BF0120401E704710B5144603
:108F600000F002F8226010BDC1F30A5343B14A0079
:108F700012F5001F28D2A3F2FE32A1EB0251704776
:108F800050EA410C20D001F0004C31EA0C01B1FA5A
:108F900081F204BFB0FA80F3D2180B3AB2F1200389
:108FA0002CBF00FA03F1914041EA0C013EBFC2F12F
:108FB000200C20FA0CF319439040524240F2FD334A
:108FC000D21A01EB035170470022704741EA030CAB
:108FD00050EA4C0C52EA0C0C4FF4001C09D307D099
:108FE0001CEB410F9CBF1CEB430F8B4208BF82421E
:108FF00070471CEB430FFBD8994208BF9042704763
:1090000041EA030C50EA4C0C52EA0C0C4FF4001CE1
:1090100009D307D01CEB410F9CBF1CEB430F9942B7
:1090200008BF904270471CEB410FFBD88B4208BF32
:1090300082427047124254D440F2FF7C1CEA115322
:109040000FD0634531D09B1863453CBF01EB025103
:10905000704701F0004141EA0C510020AFF300805D
:10906000704750EA410320D001F0004C91EA0C0116
:109070001CD0B1FA81F30B3B9A420DD9D21A994018
:1090800051EA0C01C3F1200C20FA0CFC6144984019
:10909000531C40F2FF7CD7E7914041EA0C01C2F13A
:1090A000200C20FA0CF3194390407047B0FA80F37B
:1090B0001533202BE0D3202AEED3203A203B9A42CE
:1090C00009D9D21A00FA03F141EA0C010020531C1D
:1090D00040F2FF7CB8E700FA02F141EA0C010020FF
:1090E0007047524240F2FF7C1CEA11530DD0634599
:1090F000DBD0B2EB030C3CBFA1EB025170470CF18B
:10910000010221EA035141F4801150EA410CCCD014
:1091100001F0004C352A27DC30B481EA0C01B2F1B1
:10912000200309DAC2F12003044601FA03F5D04016
:109130002843D1409C400CE0C3F12002450020FAB6
:1091400003F418BF44F0010421FA03F091400C43EA
:10915000002174F1004550F1000051EB0C01244254
:1091600030BC7FF47BAF70476146002076E700009B
:10917000C1F30A5340F21E42D31A0CDDCA0283F334
:10918000070342EA505242F00042DA4002EBE17239
:1091900082EAE17070476FEAE17203F2E13008B1F0
:1091A00082F000407047000010F0004160B148BFFD
:1091B0004042B0FA80F29040D21CC2F5846241EA8B
:1091C000025202EBD021400570470000841A71EB77
:1091D000030604D26E40001BB141121973414FF4D3
:1091E000001C1CEB410F34BF7CEB430683E00C0DED
:1091F000A4EB1356362E00F37C80012E45EAC323E0
:1092000041DC43EA525312BFD20292025B082405AA
:1092100045EAC12141EA5051D2EBC020994125D401
:1092200007D1B0FA80F610FA06F162D0002020369D
:1092300008E0B1FA81F6B140C6F1200220FA02F24C
:109240001143B0404FEAF474B4EB465434F00106D5
:109250004FEA74040AD8D6F50016760D04F00044DF
:10926000F04061FA06F25040F1404840C00A40EA3E
:10927000415021F0004128BF5FEA500550F1000045
:1092800044EBD12135E0DB0A45EAC121C90AB6F138
:1092900020050EDD42EA0242120CC5F1200603FA57
:1092A00006F6EB4042EA06056D42984161F1000185
:1092B0000DE062FA06F5F240554063FA06FC82EAD8
:1092C0000C02F3405A406D42904161EB030111F4EE
:1092D000801F05D1641E620502D06D0040414941E6
:1092E00021F48011430875F1004350F1000041EB77
:1092F000045170BC70471CEB410F15D223F00043A2
:1093000052EA43060BD04FEA4C0CBCEB410F04D899
:109310000C0D661E342EB7DDEBE7801A994150EA3A
:10932000410608BF0021E4E708BF1CEB430F28BF3C
:109330006FF00001DDE7000070B491EA030F4FF019
:1093400000457FF543AF6B40841A71EB030603D2EF
:10935000001BB141121973414FF4001C1CEB410F6B
:1093600034BF7CEB430442E00C0DA4EB1356352EC6
:109370004FDC45EAC323DB0A45EAC121C912B6F135
:1093800020050DDD63FA05F6EB4086EA030512427F
:1093900018BF45F00105C01851F100010CD213E0CF
:1093A00062FA06F5F2405540F3415A40B340F340AB
:1093B0005A408018594107D349085FEA30005FEAF4
:1093C000350528BF45F0010501F58011420875F10A
:1093D000004250F1000041EB04514E0016F5001F11
:1093E00070BC38BF70470020090D090570471CEBA1
:1093F000410F10D252EA43060BD0BCEB410F05D807
:109400000C0DAB43661E342EB6DD02E0AB43801874
:10941000594170BC704770BC70470000F0B540F215
:10942000FF7581EA030C0CF0004C15EA11541DBFC6
:1094300015EA1357AC42AF42E5E0BC41C1F313015A
:10944000C3F31303801A994143F4801304D2641EBA
:109450000018494180185941C90241EA5051B1FBF5
:10946000F3F603FB1611A2FB0675D7EBC020A9414A
:1094700002D2761E80185941C90241EA5051B1FB0F
:10948000F3FE03FB1E11A2FB0E75D7EBC020A94112
:1094900003D2AEF1010E80185941890241EA905180
:1094A000760546EA8E2EB1FBF3F603FB1611A2FBFE
:1094B0000675D7EB8020A94102D2761E801859414B
:1094C000C90241EA50514EEA060EB1FBF3F603FB26
:1094D0001611A2FB0675D7EBC020A94102D2761E59
:1094E00080185941C90241EA5051B1FBF3F703FB1F
:1094F0001711A2FB0735D3EBC020A94167F1000784
:109500000CBF004247F0010766F3D5274FEA1E3132
:10951000B80814F5806412DDBD0775F1004250EB08
:109520000E5051EB045111F5801F5CBF41EA0C0154
:10953000F0BD4CF07F6141F0E0410020F0BDBD077F
:109540006D0840EA0E5041F48011D4F10104B4F1E9
:1095500020060ADAC4F120060200E04001FA06F310
:10956000E1401843B24015430EE0342C13DCC6F141
:10957000200445EA40056D0820FA06F2154321FA59
:1095800006F0A1400D43002175F1004250F10000AA
:1095900051EB0C01F0BD00205FEA0C01F0BDCFB92A
:1095A00092185B41B3FA83F704BFB2FA82F6BF198F
:1095B0000B3FB7F120062FBF02FA06F3BB40C7F1FD
:1095C000200622FA06F638BF3343BA401CB1E4192C
:1095D000641E33E77F4231F00041B1FA81F404BFE9
:1095E000B0FA80F6A4190B3CB4F120062FBF00FAA4
:1095F00006F1A140C4F1200620FA06F638BF314337
:10960000A0403C1B1AE7AC421ABF05EA1357AF4211
:1096100012E050EA41061CBF52EA4306BFE750EA97
:109620004107304661461CBF41EA0551F0BD52EA90
:10963000430C08BFC143F0BD00204FF4001616EBE9
:10964000410F98BF16EB430F08BF16EB410F24BF25
:10965000C14305E016EB430F0CBF61464CEA0551D0
:10966000F0BD0000400D40F21E4C40EAC120BCEBB2
:10967000115C40F0004003D48CF30701C8407047F0
:109680006FEAE1707047000050B1B0FA80F1884095
:10969000C91CC1F58461090501EBD0214005704763
:1096A0000146704730B540F2FF7C1CEA11541DBFE3
:1096B0001CEA1355644565453FE0641981EA030CD3
:1096C0006FF35F530CF0004C43F48013C90241F078
:1096D000004141EA505EC5021100A5FB02020028CC
:1096E0004FF00000EEFB01204FF00001E3FB0521ED
:1096F00018BF42F00102401800214941E3FB0E016E
:10970000A4F580640D0302D292184041494154F1FE
:10971000010470DD450872F1004250F1000051EB88
:109720000451A1F5801102D441EA0C0130BD40F290
:10973000FF7E4CEA0E51002030BD0CEA1355644503
:1097400018BF654581EA030C0CF0004C41D050EA8B
:10975000410E1CBF52EA430E02E06146002030BDBC
:1097600024422C441BD15FEA050EF6D0090302BF48
:1097700001460020AEF1140EB1FA81F5AEEB0504FE
:1097800001FA05FE0C35C5F1200100FA05F5C840C7
:109790004EEA000E6FF35F5343F480139CE733F0FF
:1097A0000043B3FA83F504BFB2FA82FE75440B3D61
:1097B000641BB5F1200E2FBF02FA0EF3AB40C5F1CA
:1097C000200E22FA0EFE38BF43EA0E03AA40641CA4
:1097D0007CE750EA410E14BF52EA430E6FF00001DD
:1097E0004FF4001515EB430F8EBF194615EB410FD3
:1097F0009DE7B4D830BDD4F10104B4F120050FDAEF
:10980000C4F12005520828BF42F0010210FA05FEFB
:1098100001FA05F57244E2BFE0402843E1400FE061
:10982000352C9ADCC5F1200452EA400220FA05F2F8
:1098300018BF42F0010231FA05F0A1400A430021AD
:1098400072F1004250F1000051EB0C0130BD0000FC
:109850000048704784000020D3BBD9B1B2F5803FE7
:109860005BD2022A1ED98C46B1FBF2F102FB11C376
:109870001B0443EA1043B3FBF2FC02FB1C3380B22F
:1098800040EA0343B3FBF2F002FB103240EA0C4023
:1098900000237047022A05D98446B0FBF2F002FB90
:1098A00010C270474AB105D100F0010249085FEAD1
:1098B0003000704700220023704703F06FBC0B009C
:1098C0000200002100207047F7D3002200237047D8
:1098D000904271EB030CF2D370B5B1FA81F4B3FA94
:1098E00083F52C1BA340C4F1200532FA05F633435F
:1098F000A2405FF00046E64002E05B085FEA320209
:10990000841A71EB030524BF204629467641F4D31F
:1099100002000B003000002170BD70B5B1FA81F477
:10992000B2FA82F5C4F120046419B4F12006DAD346
:10993000B2405FF00044F440002502E052085FEAC4
:109940003303C61A71EB020E24BF304671466441E0
:109950006D41F3D302000B002000290070BD000010
:10996000F0B585B050260B9D25B986F3118800F01F
:109970004BFAFEE70C9C24B986F3118800F044FAF8
:10998000FEE75C270097DDF800E0BEF15C0F04D035
:1099900086F3118800F038FAFEE7256300270225D8
:1099A00084F8595004AE0A9D0397029401960095DD
:1099B00000F034F8204600F078F8049805B0F0BDC7
:1099C0002DE9F8430646174684B088469946B80004
:1099D00003F0E6FB04001CD05C2003F0E1FB050073
:1099E00014D000212C6385F85910039102950D992C
:1099F0000C98019100904B463A464146304600F0A3
:109A00000DF8284600F051F8012004E0204603F04C
:109A10004BFC4FF0FF3005B0BDE8F0832DE9F04777
:109A20000A9D80460C461746286B9946A522B90028
:109A3000FDF7AEFC296B01EB8702171FFF08FF0043
:109A40000021635C6A1882F83430605C10B1491CF4
:109A50001029F6D3089E002085F84300372E88BFD2
:109A60003726099CEE6205F14C0ACAF80400CAF8D0
:109A70000060281D03F073FC05F1180003F06FFC73
:109A80002D61C6F13806AE616D620021CAF808107A
:109A900000208AF80C004A464146384603F09CFCF8
:109AA000286004B12560BDE8F0872DE9F04100F0A1
:109AB00068F8DFF8F855DFF8F885E86C401CE864D2
:109AC0001426A86A28BBAC62E86C012829D10027BB
:109AD00006FB07F0404403F035FC7F1C382FF7D31A
:109AE00005F1740003F02EFC05F18807384603F0F9
:109AF00029FC284603F026FC05F1140003F022FCA3
:109B000005F1380003F01EFC05F17400E8622F63D4
:109B100007E0A86D28B9E06AAA6AD16A884228BF1E
:109B2000AC62AA6EE06A521C6264696D814238BF01
:109B30006865AA664643211D08EB060003F012FC87
:109B400003F0BBFCA86D20B100F0A4F901D200F035
:109B500056F9BDE8F08180B580B1DFF85025116F6E
:109B600021B100F036F900F04FF9FEE7136F5B1CEE
:109B7000136700F0ECFA00F044F808B900F03FF980
:109B800001BD044603F080BC80B586B0002105917C
:109B9000049103AA04A905A8FDF7CEFB059A049930
:109BA00002920020019100900023039A0FF20061BD
:109BB0000FF27530FFF7D4FE98B103F0D3FC5021BB
:109BC000012810D181F3118800F01EF9DFF8CC05CF
:109BD0004FF0FF31C166012282650021016503F06B
:109BE00019FC07B000BD10F1010FFAD181F3118803
:109BF00000F00AF9FEE7DFF8A415086F401C0867BB
:109C0000704770B5DFF8A464306F0024002520B9D8
:109C100000F043F800F0F8F8FEE703F035FC306F91
:109C2000401E3067306F002836D1F06CD0B933E079
:109C3000F068C46800F035F800F000FAE36A706D6F
:109C4000984238BF73651422DFF854055343211D31
:109C5000184403F087FBE06AB26AD16A884224BFE5
:109C60000122326630680028E2D10CB100F093F98D
:109C7000F46D44B100F024F808B101203066641E90
:109C8000F8D10020F065306E30B1DFF818054FF0E4
:109C90008051012500F0B7F84FE2502181F311887F
:109CA000704704F1180003F083BBDFF8F004006D87
:109CB000704780B503F028FCDFF8E004006D02BDBA
:109CC0002DE9F843DFF8E463306F002500284FD119
:109CD000346D641C346510D1F06A006820B1FFF760
:109CE000DCFF00F091F8FEE7F16A306BF06231635F
:109CF000706E401C706600F04EF9F06EDFF8A084C4
:109D000084424FF0140927D31FE0F16AC868C7687E
:109D1000786884422AD3381D03F04AFBB86A18B128
:109D200007F1180003F044FBF86A716D814238BFF7
:109D3000706509FB00F0391D404403F013FBF86A1D
:109D4000B26AD16A884228BF0125F06A00680028FB
:109D5000DBD14FF0FF31F166B06AC06A09FB00F950
:109D600058F80910022906D3012504E0F066F3E74C
:109D7000F06D401CF065306E00B101252846BDE84D
:109D8000F28310B5DFF82423106F10B101211166A2
:109D900010BD1066DFF80844506D00E0401E14232B
:109DA0004343E15831B90028F8D100F012F800F02F
:109DB0002BF8FEE7E1184B685C684C6001F1080382
:109DC0009C4204BF64684C604B68D96891625065DE
:109DD00010BD502080F31188704710B50C4620B993
:109DE000FFF7F7FF00F010F8FEE700F027F803F0A8
:109DF000C6FA2046BDE81040FFE70121A7E1DFF8E1
:109E0000A4034FF080510160BFF34F8FBFF36F8FFA
:109E1000704738B50D46144620B9FFF7DAFFFFF753
:109E2000F3FFFEE700F00AF803F09CFA0CB14FF0E4
:109E3000FF3521462846BDE8344088E1DFF85C3331
:109E40009A6A02F11801704738B5C068C46824B92D
:109E5000FFF7BFFFFFF7D8FFFEE7FFF722FFDFF8AE
:109E60003C53286F40B900F0E9F800F018F838BF0B
:109E70006A6500F066F902E004F11801284603F073
:109E800071FA00F007F803D201212966012032BDE2
:109E9000002032BDA96AE26AC86A90427047E26A4D
:109EA000686D90427047DFF8F422516E0160126DC8
:109EB00042607047F8B504460D46502024B980F33F
:109EC0001188FFF7A1FFFEE725B980F31188FFF79E
:109ED0009BFFFEE703F0D8FADFF8C002D0F850C0CD
:109EE0002B68616813F1010FACEB01020DD0466ED7
:109EF0002768BE4201D08C450BD29A4207D29A1AEB
:109F00002A60416E2160006D6060002402E0002044
:109F10002860012403F0D1FA2046F2BDDFF87C026C
:109F2000012101667047000070B5614CDFF86C528A
:109F300011E003F0A9FA286AC668301D03F038FA68
:109F4000E86C401EE864686B401E686303F0B5FA75
:109F5000304600F009F8686B0028EAD12268022A2E
:109F6000F9D3FFF74CFFF6E710B5044694F8590013
:109F700040B9206B03F098F92046BDE8104003F08B
:109F800093B910BD0128F7D00228FAD0FFF721FFBE
:109F9000FFF73AFFFEE74549C86A006818B94FF075
:109FA000FF32CA667047CA6AD068C2685068C8661D
:109FB0007047DFF8E801806A7047DFF8E011886DCC
:109FC00008B901207047086F08B9022070470020C7
:109FD0007047F8B5044600207CB3344DE16AAB6AA3
:109FE000DA6A914223D2A169002904D4A96AC86A15
:109FF000C0F13800A0611427E16ADFF8A46160694C
:10A000007943314488420ED100F018F8A96AC86A31
:10A01000E062696D814238BF68654743211DF019D0
:10A0200003F0A0F908E0A96AC86AE06204E0E16C04
:10A03000AB6ADA6A914200D20120F2BD201D03F022
:10A04000B7B938B50446002134B3DFF85051A86AD7
:10A050005022844204D082F31188FFF7D5FEFEE738
:10A06000206D20B982F31188FFF7CEFEFEE7E36A88
:10A07000E26C401E934220650ED068B9FFF7DEFF08
:10A08000E06CE062C0F13800A061FFF708FF38BF64
:10A090006A6500F003F80121084632BD1420DFF89C
:10A0A00000314243211D981803F05CB9F4B8002038
:10A0B0007C9A0020F8B5040034D0206D502320B9DC
:10A0C00083F31188FFF7A0FEFEE7E26C914238BFF0
:10A0D0001146E26A8A4225D0012823D1DFF8BC501C
:10A0E000A86A844204D183F31188FFF78DFEFEE74E
:10A0F000A369E162002B5CBFC1F13801A1611426A4
:10A10000DFF89C70616972433A4491420AD1FFF7CB
:10A1100095FFE06A696D814238BF68654643211D3D
:10A12000B81941E0F1BDDFF87410886A18B18A6A85
:10A13000106D401C1065886A704703F0BEF9284610
:10A1400070BD1420164B4243211D98187047F8B576
:10A15000124E376D0C46B16A0546081D03F028F90A
:10A1600015F1010F05D124B1B06A011D06F13800C7
:10A170001AE0B06AED194560BD42B06A05D2011D12
:10A18000306BBDE8F44003F0FAB8011DF06A03F04B
:10A19000F6F8F06E854238BFF566F1BDF4B80020E0
:10A1A0007C9A002004ED00E0BDE8F44003F0DAB84A
:10A1B00049444C450000000038B504000D4602D16A
:10A1C00000F0E9F8FEE703F05FF9E16B206C22682C
:10A1D0004143501860600021A1632068E16BA060DA
:10A1E000491E206C226841435018E06004F144018C
:10A1F0004FF0FF300870487075B92069A0B104F1C4
:10A200001000FFF721FE78B1DFF89C084FF0805175
:10A21000016000F09EFA07E004F1100003F092F8EC
:10A2200004F1240003F08EF803F047F9012032BD59
:10A230007CB51C46502320B983F3118800F089FABD
:10A24000FEE724B983F3118800F083FAFEE72AB110
:10A2500029B983F3118800F07CFAFEE771B9502523
:10A260000095009E502E0ED134B1069B012584F836
:10A270004650009400F02BF8204676BD83F31188F9
:10A2800000F067FAFEE783F3118800F062FAFEE758
:10A29000F8B504000D46174602D100F07CF8FEE741
:10A2A000002D0EBF502005FB04F0503002F078FF67
:10A2B00006000AD0002086F8460000963B4606F1CC
:10A2C00050022946204600F002F83046F2BD38B56B
:10A2D000049C1D4600290CBF24602260E0632164B9
:10A2E00020460121FFF768FF84F84C5031BD30B1A2
:10A2F00000234360002202600021C16084E07047B7
:10A3000010B5024600210120FFF7C2FF0446FFF707
:10A31000EEFF204610BD1CB500900B460022002128
:10A320000120FFF785FF0446FFF7E1FF204616BD39
:10A3300010B5040002D100F02EF8FEE7FFF739FE59
:10A34000616881420BD1E068401EE06005D10023C6
:10A3500000220021204600F057F8012010BD002007
:10A3600010BD38B504000D4602D100F014F8FEE728
:10A37000FFF71FFE6168814204D1E068401CE06085
:10A38000012032BD2946204600F0E8F910B1E1680D
:10A39000491CE16032BD502080F31188BFF34F8F1C
:10A3A000BFF36F8F704738B50C461346502120B964
:10A3B00081F3118800F0CDF9FEE7A04204D281F3C9
:10A3C000118800F0C6F9FEE7022500950022002161
:10A3D000FFF72EFF00B1846332BD10B50C4650214B
:10A3E00020B981F3118800F0B4F9FEE7A04204D24D
:10A3F00081F3118800F0ADF9FEE702220021FFF79A
:10A4000047FF00B1846310BD2DE9F64782B00446D2
:10A410001E46502714B900F09AF9FEE75FEA010AD8
:10A4200001D1206C60B9022E02D1E06B01280AD163
:10A43000FFF7C3FD50B9039840B100F088F9FEE77B
:10A4400000F085F9FEE700F082F9FEE727460024D8
:10A450004FF08058DFF850962EE0039800284BD03C
:10A4600014B900F01CFA012403F027F8FFF7C3FB2E
:10A4700003F00AF807F1440000F014FA04BF0021C9
:10A48000017000F007FA04BF0021417003F015F8D5
:10A4900000F04DF8002844D102F0F6FFB96BF86BDC
:10A4A000814214BF0025012503F007F845BB38465B
:10A4B00000F099FAFFF7A5FB02F0E6FFB96BF86B25
:10A4C000814201D3022EC8D132465146384600F0AF
:10A4D00042FA796A29B107F12400FFF7B5FC08B9FF
:10A4E00004E018B1C9F8008000F033F902F0E5FF8C
:10A4F000012004B0BDE8F08702F0DFFF0020F8E79C
:10A50000039907F11000FFF768FC384600F06BFA7A
:10A51000FFF777FB0028CFD1C9F8008000F019F9C8
:10A52000CAE7384600F05FFAFFF76BFBE6E703A9DE
:10A530006846FFF7BFBC2DE9F84304468846154638
:10A540001E46502714B900F002F9FEE7B8F1000FDB
:10A5500001D1206C38BB022E02D1E06B012825D13D
:10A5600002F0D2FFEFF3118900F0F1F8A16BE06B7C
:10A57000814201D3022E21D194F9457032464146E1
:10A58000204600F0E8F917F1010F12D1606A98B186
:10A5900004F12400FFF758FC002818BF002D0BD051
:10A5A0000120286008E000F0D2F8FEE700F0CFF8C4
:10A5B000FEE77F1C84F84570012000E0002089F34D
:10A5C0001188BDE8F283F8B504460D46502624B93B
:10A5D00086F3118800F0BDF8FEE7206C20B186F309
:10A5E000118800F0B6F8FEE7206808B96068F0B995
:10A5F00002F08AFFEFF3118786F3118800F094F9D7
:10A60000E16B88421DD294F94510401C11F1010FF5
:10A61000A06311D1606A90B104F12400FFF714FC2B
:10A62000002818BF002D0AD00120286007E086F31B
:10A63000118800F08EF8FEE7491C84F845100120CF
:10A6400000E0002087F31188F2BD2DE9F7430646AC
:10A650000F460024502526B985F3118800F079F8BB
:10A66000FEE70FB9306C48B9FFF7A7FC78B902983C
:10A6700068B185F3118800F06CF8FEE785F3118866
:10A6800000F067F8FEE700F012F9FFF7BAFA02F0FF
:10A69000FBFEB56BDFF81094002D4FF0805832D1DF
:10A6A0000298002845D014B900F0F9F8012402F00E
:10A6B00004FFFFF7A0FA02F0E7FE06F1440042575C
:10A6C00012F1010F04BF0021017000F0E3F804BF94
:10A6D0000021417002F0F1FE02A9FFF729FF0028D6
:10A6E00030462AD100F0B3F90028CCD000F0CDF8E4
:10A6F00000F0DDF8FFF785FA0028C8D1C9F800801E
:10A7000000F027F8C3E73946304600F058F96D1ECF
:10A71000B563306940B106F11000FFF795FB18B141
:10A72000C9F8008000F015F802F0C7FE0120BDE86E
:10A73000FE8302F0C2FE0020F9E700F054F9FFF7B3
:10A7400060FA304600F083F90028A0D0F3E787F3E1
:10A750001188BFF34F8FBFF36F8F70472DE9F2431E
:10A7600082B0064600240025502716B9FFF7EFFFF8
:10A77000FEE7306C10B1FFF7EAFFFEE7FFF71DFCC4
:10A7800040B9029830B1FFF7E2FFFEE700F08FF822
:10A79000FFF737FA02F078FEB06BDFF80C93002871
:10A7A0004FF080583BD1029800284ED014B900F0E9
:10A7B00076F8012402F081FEFFF71DFA02F064FE34
:10A7C00006F1440000F06EF804BF0021017000F0B3
:10A7D00061F804BF0021417002F06FFE02A9FFF78B
:10A7E000A7FE0028304634D100F031F90028CDD042
:10A7F000306838B902F048FE7068FFF7EAFB05469A
:10A8000002F05BFE00F041F800F051F8FFF7F9F9B3
:10A810000028BFD1C9F80080FFF79BFFBAE7401EB0
:10A82000B063306810B9FFF77EFC7060306940B1EA
:10A8300006F11000FFF708FB18B1C9F80080FFF718
:10A8400088FF02F03AFE01201DE0CDB1FFF77FFF47
:10A85000FEE700F0C8F8FFF7D4F9304600F0F7F84B
:10A86000002897D075B102F00FFE706A00281DBF56
:10A87000306B0168C1F1380100217068FFF71AFCE4
:10A8800002F01BFE0020BDE8FE83029906F12400C1
:10A89000FFF7A3BA90F9012012F1010F7047684643
:10A8A000FFF701BB90F9002012F1010F704730460D
:10A8B00099E02DE9F84304460E461546502714B991
:10A8C000FFF745FFFEE70EB9206C60B902F01CFEF1
:10A8D000EFF31188FFF73BFFA76B3FB9002088F328
:10A8E0001188BDE8F283FFF732FFFEE794F9449048
:10A8F0003146204600F063F87F1E19F1010FA7636F
:10A900000CD1206970B104F11000FFF79DFA002806
:10A9100018BF002D06D00120286003E009F10109CD
:10A9200084F844900120DAE7BFF34F8FBFF36F8FB5
:10A93000A06B704710B5040002D1FFF72CFDFEE7B5
:10A9400000F0A0F894F8460020B92046BDE8104079
:10A9500002F0AABC10BDF8B506461546B46B326CC1
:10A96000002742B9306830BB7068FFF76AFB0021EE
:10A97000074671601FE065B9B068FAF79BFEB168E1
:10A98000306C08447168B060884214D33068B0609D
:10A9900011E0F068FAF78EFE306CF2684042024433
:10A9A000F26031688A4202D272681044F060022D6F
:10A9B00001D104B1641E641CB4633846F2BD026C5C
:10A9C000002A0B4600D1704710B5C4684168144492
:10A9D000C4608C4224BF0468C460C168BDE81040F4
:10A9E0001846FAF767BEF8B5054602F04DFD05F1C9
:10A9F000440494F9016007E005F12400FFF724FA0C
:10AA000008B1FFF78BFA761E70B2012802DB686A84
:10AA10000028F1D14FF0FF36667002F04EFD02F0D3
:10AA200033FD94F9007007E005F11000FFF70CFA10
:10AA300008B1FFF773FA7F1E78B2012802DB28699C
:10AA40000028F1D12670BDE8F14002F036BD10B506
:10AA5000044602F019FDA06B441EA44102F02DFD36
:10AA6000E00F10BD10B50024104B53F834201AB17C
:10AA7000641C082CF9D310BD43F8341003EBC40157
:10AA8000486010BD10B50023084901EBC3025468AB
:10AA9000844203D05B1C082BF7D310BD002041F883
:10AAA0003300506010BD000004ED00E054C00020F1
:10AAB000F8B504460D46164602F0E6FC04F13807E8
:10AAC00097F90C1011F1010F04BF0020387397F9AA
:10AAD0000D1011F1010F04BF0020787302F0EDFC9E
:10AAE000386828B93246294604F12400FFF791F965
:10AAF0002046BDE8F24076E7002202F0C3BE000027
:10AB00002DE9F843DFF8F84786B04FF44861204656
:10AB100002F0C2FE4FF4486104F1480002F0BCFEAE
:10AB20004FF4486104F1900002F0B6FE4FF4486122
:10AB300004F1D80002F0B0FE4FF4486104F59070C3
:10AB400002F0AAFE4FF4486104F5B47002F0A4FECE
:10AB50004FF4486104F5D87002F09EFE4FF448614E
:10AB600004F5FC7002F098FE02F056FF00F0B5F913
:10AB700014216846FAF7AAFD0020DFF88877DFF88D
:10AB80008847DFF88857DFF88867DFF88897DFF8AD
:10AB900088870590396841F010013960386800F005
:10ABA000100000F094F941F080013960386800F03D
:10ABB000800000F08CF941F004013960386800F041
:10ABC000040000F084F941F001013960386800F0B8
:10ABD000010000F07CF941F002013960386800F0B2
:10ABE000020005900020059A05900122396841F085
:10ABF000080139601B21386800F0080005900598AD
:10AC00002046FDF765FB002240212046FDF760FB52
:10AC1000002281212846FDF75BFB00224FF4E07102
:10AC20003046FDF755FB00224FF4A06100F099FB80
:10AC300000227B214046FDF74BFB0122802140464C
:10AC4000FDF746FB042200920022DFF8D0160191A6
:10AC5000029269462046FDF753FA5B2001210090DD
:10AC600000F027F92046FDF74BFA812200F01FF98A
:10AC70002846FDF745FA4FF47062009200210191D9
:10AC80000122029269464046FDF73AFA4FF4E0701D
:10AC900000F015F93046FDF733FA02220192002147
:10ACA0000291032204914FF40074039200946946C8
:10ACB0003046FDF725FA4FF4A06200F0F8F8484658
:10ACC000FDF71EFAFB2000F0FAF84046FDF718FAEF
:10ACD000002000903968DFF8485641F400113960CF
:10ACE000386800F4001000900020009900900721BF
:10ACF0003A6842F480023A600022386800F480002A
:10AD0000009000980E20FDF722FB0E20FDF73EFB81
:10AD1000002207210F20FDF71AFB0F20FDF736FB5D
:10AD2000002205213820FDF712FB3820FDF72EFB0D
:10AD3000002205213B20FDF70AFB3B20FDF726FB07
:10AD4000DFF8E00528604FF4E1310C200022686153
:10AD50006960AA60EA602A61AA61EA61284602F095
:10AD600075FE08B100F000FB0022DFF8BC05826030
:10AD7000C26002614261C2610262426282620A2270
:10AD8000DFF8A81501604FF4827600F08BF808B167
:10AD900000F0EAFADFF89805DFF898150160002264
:10ADA0008260C2600261012108224161C26100210A
:10ADB0000A2201624162816200F074F808B100F079
:10ADC000D3FA00200021CDE900016964FA21DFF8FF
:10ADD00068052864E9640020A864A86505F14000BE
:10ADE00003F0ECF808B100F0BFFA002000900190E9
:10ADF000694605F1400003F015FA08B100F0B4FA15
:10AE0000002205213620FDF7A2FA3620FDF7BEFA12
:10AE1000002206210820FDF79AFA0820FDF7B6FA6D
:10AE200003F0BBFA05F1400003F0D5F803F03CFB5A
:10AE300003F04FFDFBF7B4FFDFF800450FF2B5203C
:10AE400022460021FBF7F9FFC5F8800004F1240237
:10AE500000210FF2D520FBF7F0FF45F8840F04F135
:10AE6000480200210FF2CD20FBF7E7FF686004F1F4
:10AE70006C0200210FF2C520FBF7DFFFA86004F190
:10AE8000900200210FF2D520FBF7D7FFE86004F114
:10AE9000B40200210FF2CD20FBF7CFFF2861FBF7B2
:10AEA00099FFFEE7C2624660846103F0C1BD009273
:10AEB000012101910022029203926946704700210C
:10AEC000009001220291039101926946704705901A
:10AED0000020059A05903968704700B591B030217F
:10AEE00005A8FAF7F3FB14216846FAF7EFFB1021E7
:10AEF0000991012200210C910892C3210E91022098
:10AF000005900B900D220F9004210D92109105A831
:10AF100000F02CFA08B100F027FA022101910F206D
:10AF20004FF48051009000234FF4A05204910293FB
:10AF300003920321684600F07CFB08B100F014FA8C
:10AF40004FF0E0620021012000F0F7FB11B000BDDE
:10AF5000DFF8D413884200D0704780B50A2003F090
:10AF600081FBDFF8DC130878BDE8024003F081B90B
:10AF7000DFF8B413884204D1DFF8C423107803F05B
:10AF800078B97047DFF8BC231178002900D17047E9
:10AF9000F8B5E74B984240F0828000228021DC48DF
:10AFA000DFF8A443DFF8A453D54FFDF791F9012250
:10AFB0004021D548FDF78CF9E078217905F58076B8
:10AFC00041EA0021B1806279A07940EA0220F08054
:10AFD00009B2E279207A40EA02203081627AA07ACE
:10AFE00040EA02207081E27A207B40EA0220B081B0
:10AFF000627BA07B40EA0220F081E27B207C40EA79
:10B0000002203082627CA07C40EA022070823846B6
:10B0100002F058FCB6F9061007F1480002F052FCA5
:10B02000B6F9081007F1900002F04CFCB6F90A10CE
:10B0300007F1D80002F046FCB6F90C1007F5907045
:10B0400002F040FCB6F90E1007F5B47002F03AFCBD
:10B05000B6F9101007F5D87002F034FCB6F91210EA
:10B0600007F5FC7002F02EFC30780146802908DAE2
:10B07000E27805F8112005EB410123794B70401C63
:10B080003070307880280ADB4FF480722946B0484F
:10B09000FAF710FBAF480121017000223270F1BDB8
:10B0A00082B002689F498A420DD10A200090009820
:10B0B000411E00280091FAD100224FF4806195488A
:10B0C00002B0FDF705B902B0704780B501228021BA
:10B0D0008F48FDF7FDF8042003F0C4FABDE80140F5
:10B0E00003F0A4BA01689448814208BF03F036BB5C
:10B0F00070470000F8B504F085F94FF0FF37854D33
:10B10000954E96F8304078B2844209D0002C0CBF9E
:10B11000002201224FF480712846FDF7D9F8274616
:10B1200000F019F8EDE7000080B503F0E0FA00F058
:10B1300012F8FAE780B500F00EF8FCE738B5844C59
:10B14000844D287820B1204603F03FF90020287074
:10B1500000F001F8F5E70120FBF7D0BE80B5FFF75E
:10B16000FAFFFCE72DE9F047DFF894A1DFF8EC8166
:10B17000794FDFF89C910AF5EC740AF5A4750AF191
:10B18000B806012200F0ECF8504602F0EAFB0AF1A2
:10B19000480002F0E6FB0AF1900002F0E2FB0AF13F
:10B1A000D80002F0DEFB0AF5907002F0DAFB0AF537
:10B1B000B47002F0D6FB0AF5D87002F0D2FB0AF5A3
:10B1C000FC7002F0CEFBDAF8300004F071F9388040
:10B1D000DAF8780004F06CF97880B06804F068F967
:10B1E000B880306D04F064F9F880A86804F060F964
:10B1F0003881286D04F05CF97881A06804F058F972
:10B20000B881206D04F054F9F8814046DAF828102E
:10B2100004F062F904F04CF938824046DAF8701014
:10B2200004F05AF904F044F978824046316804F099
:10B2300053F904F03DF9B8824046B16C04F04CF982
:10B2400004F036F9F8824046296804F045F904F024
:10B250002FF938834046A96C04F03EF904F028F930
:10B2600078834046216804F037F904F021F9B88367
:10B270004046A16C04F030F904F01AF9F883404616
:10B28000DAF82C1004F028F904F012F9388440465A
:10B29000DAF8741004F020F904F00AF978844046D2
:10B2A000716804F019F904F003F9B8844046F16CB0
:10B2B00004F012F904F0FCF8F8844046696804F0E0
:10B2C0000BF904F0F5F838854046E96C04F004F910
:10B2D00004F0EEF878854046616804F0FDF804F06B
:10B2E000E7F8B8854046E16C04F0F6F804F0E0F8C1
:10B2F000F885002200F034F8FFF72DFF41E7000049
:10B3000090A80020303802400010024000040240A3
:10B310000008024000000240000C02400000211022
:10B3200090B90020004C004018BF002000380040B9
:10B33000C0BE00200030014000100040341701085A
:10B34000A9C100200C01002018C0002068AD002019
:10B3500088B10020AAC10020D4B6002000007A44A1
:10B3600040214846FCF7B4BF72B6FEE72DE9FC4722
:10B37000040016D02078DFF8CC74C10713D5B86864
:10B3800000F00C00042807D0B86800F00C00082872
:10B3900042D1786841023FD53868810303D560689F
:10B3A000002800F03C812078DFF8A894810719D5A7
:10B3B000B86810F00C0F07D0B86800F00C0008282F
:10B3C00046D17868410243D43868810703D5E068E4
:10B3D000012840F024813968206921F0F80141EA10
:10B3E000C00139602178DFF87084080766D560698C
:10B3F000DFF86814002853D001220A60FDF762FCD0
:10B400000546D8F80400810758D4FDF75BFC401BC3
:10B410000228F6D9032005E16168B970606858B167
:10B42000FDF750FC054639688803BCD4FDF74AFC9B
:10B43000401B6528F7D3EDE7FDF744FC0546396866
:10B440008803B0D5FDF73EFC401B6528F7D3E1E744
:10B45000E068B0B10122C9F80020FDF733FC0546D1
:10B460003968880705D4FDF72DFC401B0228F7D961
:10B47000D0E73868216920F0F80040EAC100386060
:10B48000B0E70022C9F80020FDF71CFC054638682B
:10B490008107A7D5FDF716FC401B0228F7D9B9E7AD
:10B4A0000860FDF70FFC0546D8F80400810705D5B4
:10B4B000FDF708FC401B0228F6D9ABE720784107CE
:10B4C00051D5386C0025C1000BD400200090012517
:10B4D000396C41F080513964386C00F08050009034
:10B4E0000098DFF87C63306840F480703060316829
:10B4F000CA0510D4306840F480703060FDF7E2FB7C
:10B5000082463068C10506D4FDF7DCFBA0EB0A00DB
:10B510000228F6D97EE7A16888F8001041F2893642
:10B52000A06868B1FDF7CEFB8246D8F80010880706
:10B5300014D4FDF7C7FBA0EB0A00B042F5D369E7CE
:10B54000FDF7C0FB8246D8F80000810706D5FDF75D
:10B55000B9FBA0EB0A00B042F5D35BE71DB1386C34
:10B5600020F080503864A06900285AD0B96801F0F2
:10B570000C01082937D0022829D100F055F80546DA
:10B580003868810105D5FDF79DFB401B6528F7D381
:10B5900040E7E269206A616A0243A06A400842EA21
:10B5A0008112401E42EA0042E06A42EA00627A608A
:10B5B0000121C9F86010FDF785FB04463868810158
:10B5C0002FD4FDF77FFB001B6528F7D322E700F09F
:10B5D0002BF804463868810123D5FDF773FB001B67
:10B5E0006528F7D316E7012819D07868E16900F4D7
:10B5F00080028A4202BF00F03F02216A8A420ED1D5
:10B60000636AC0F38811994202BF00F44032A16A14
:10B610008A4202BF00F07060E16A884201D00120D6
:10B6200000E00020BDE8F6870020C9F86000FDF7C3
:10B6300049BB2DE9F04104000F4652D0894E3068D5
:10B6400000F00F00B84202D200F071F849D1216831
:10B650007C4D880712D5490703D5A86840F4E0500F
:10B66000A8602178080703D5A96841F46041A96062
:10B67000A968A06821F0F0010143A9602178C807FA
:10B6800027D56068012802D129688A0303E00228CF
:10B6900003D129688A0103D423E02B68990720D5B8
:10B6A000AA68920840EA8200A860FDF70BFB80467A
:10B6B000A968606801F00C01B1EB800F09D0FDF7BB
:10B6C00001FBA0EB080041F289318842F0D303204E
:10B6D0002BE0306800F00F00874204D200F027F81A
:10B6E00001D0012021E02178480705D5A968E0684C
:10B6F00021F4E0510143A96021780A0706D5A86822
:10B70000216920F4604040EAC100A86000F05BF8C5
:10B71000AA685549C2F303128B5C4B49D8400860B4
:10B720004B48006803F044FF0020BDE8F08137700B
:10B73000316801F00F01B942704770B586B00E460E
:10B7400014464A4DE8B90090A96A41F00101A96286
:10B750000221A86A00F0010000904FF48070009A66
:10B76000029101900021032203910591049201A905
:10B770003F48FCF7C5FC296821F0EC610E432643E5
:10B780001EE0002000900222A96A41F00401A96293
:10B790004FF40071A86A00F004000090009B354847
:10B7A000019102920321049100220392059201A9C2
:10B7B000FCF7A6FC286820F07840064346EAC40659
:10B7C0002E6006B070BD30B52B4C606800F00C00E8
:10B7D000042802D0082802D01DE0284830BD226885
:10B7E00021680023480202F03F0204D5256823485F
:10B7F000C5F3881103E021681448C1F38811A0FB48
:10B800000101FEF729F82168C1F30141491C4900F3
:10B81000B0FBF1F030BD0D4830BD0B4800687047FB
:10B820000948124B00681A681549C2F3822206E0E3
:10B8300005480E4B00681A681149C2F34232895C10
:10B84000C840704700380240540000200024F40033
:10B85000500000200000474270380240800E4742EE
:10B8600000700040003C02400C1D010808380240F6
:10B8700000000240000802400438024000127A0032
:10B880001820010831B5FDF71DFA009D15F1010FD3
:10B89000044602D0044908784519FDF713FA001B45
:10B8A000A842FAD331BD00BF48000020704770475E
:10B8B00038B5044618204443DFF8BC56285918B15F
:10B8C000F7F7E1FC002129512A190020107531BD3C
:10B8D00010B5002400F0D1F861430A44107DF0B1A6
:10B8E000508A401C508280B2B0F5967F04DA117DF8
:10B8F000012905D1042803DD2046FFF7D9FF0EE01A
:10B90000032908BF042002D0042902D102201075A7
:10B9100005E0012903D19068111D00F02BFB641C88
:10B920000A2CD7DB10BD2DE9F24F84B00A21002686
:10B930000A25B146B0460027DFF840B600900391D3
:10B94000029101911820DFF83036784303EB000AAA
:10B950000A2D9AF8144004BF002C7DB22DD064B398
:10B96000012C08D007DC0BF168034FF493720BF144
:10B97000280100F07FF8009820B10168DAF804008F
:10B9800081420CD0012C11D1DAF800000028BAF85D
:10B99000120006D0B04210D3019706460DE078B2EF
:10B9A00064E0484509D30397814606E005DDBAF80F
:10B9B0001200404524BF029780467F1C0A2FC1DB3E
:10B9C0009DF81020009C039E02980199930705D4CE
:10B9D0000A2D0FF2D05704D1D20705D44FF0FF3013
:10B9E00044E0B8BFEEB225DB42B20A2A0EDAC6B294
:10B9F00000F043F87143505888B10BF1680340F2EE
:10BA00006F120FF2885100F035F808E070B20A2882
:10BA1000B8BFF6B203DB48B20A28DFDACEB20A2E8C
:10BA200005DB0BF1680340F2811200F022F830468A
:10BA3000FFF73EFF0A2E05DB0BF1680340F285128B
:10BA400000F017F800F019F871435518287D38B147
:10BA50000BF1680340F287120BF1AC0100F00AF819
:10BA60000CB1206868600021698270B205B0BDE841
:10BA7000F08F39465846F9F731BA1821DFF8F82423
:10BA800070472DE9F84381460C0086B0DFF8EC04DE
:10BA900008D100F168034FF422720FF22C51F9F72C
:10BAA0001DFA85E0D9F804603188B1F5807F04BFC4
:10BAB0003179062979D17179042904BF718808295F
:10BAC00073D106F10E0504A92B680B6006F1180569
:10BAD00005A92B680B60616821B18B4202D1012559
:10BAE000A84602E000254FF0020894F82C10062921
:10BAF00007D000F1680340F2AB1200F1D801F9F76A
:10BB0000EDF9049890B32146F7F766F970BB0498F5
:10BB100000F0F000E02829D02246414604A8FFF7B3
:10BB200002FF002822D4FFF7A8FF4843171802207D
:10BB30003875BC60062206F1080107F10C00F9F720
:10BB4000B9FD00207882D7F80080B8F1000F0DD041
:10BB500038604FF40061009106F1080304F12D02F2
:10BB6000414600F05FF84046F7F78DFBF088B0F5EE
:10BB7000807F07D0B0F5007F02BF04A9204600F007
:10BB800067FC12E08DB1022304AA06F10801201D12
:10BB9000039302920191009004F12D0306F1080233
:10BBA00004F12D01204600F06FF94846F7F76BFBD2
:10BBB00007B0BDE8F0837CB504460D461820DFF8D9
:10BBC000B81342438E18327D022A09DADFF8AC033B
:10BBD00000F1680340F2ED2200F59071F9F77EF96B
:10BBE000307D022816D1718A40F21D10814205DB9A
:10BBF000311D204600F0BEF960B909E0B1F5877F3C
:10BC000008DB06F10C02311D204600F0A3F908B94B
:10BC10000321317500F032F900F001F876BD04F12E
:10BC20002D022946204603F02BBD2DE9FF410400DB
:10BC300017460D463E46DFF8448307D108F16803F6
:10BC400040F21B320FF2803100F083F83DB908F169
:10BC500068034FF447720FF2803100F07AF82FB981
:10BC600008F1680340F21D3200F072F8386821468E
:10BC7000F7F7B2F840B1C24B4FF400600090FFF705
:10BC8000CEFF04B0BDE8F081386800F0F001E02993
:10BC900015D101208DF8040000225E218DF80520C9
:10BCA0008DF8061001AB787800F07F008DF8070062
:10BCB000B8788DF80800F8788DF80900DCE7A168FD
:10BCC000636801EA000219408A421EBF80B24FF643
:10BCD000A961884203D0E068C8B104F10C06A94B01
:10BCE000DFF894C21A781827104678430CF1140133
:10BCF000095C02290EDB0CF1040E31685EF80000CD
:10BD0000814207D129462046FFF755FFB9E76FF07A
:10BD10000300B6E700222046314607FB02F40CF18F
:10BD20001406365D022E06DB0CF1040E0E685EF87A
:10BD30000440A64203D0521C0A2AEEDB03E01A702C
:10BD40002946D2B2E0E72A4600F006F899E700005B
:10BD500099A14046F9F7C2B82DE9F34F81B01446D6
:10BD6000029A8346106859464FF0FF3AF7F734F8C5
:10BD7000D146002548B90298006800F0F001E0299A
:10BD80001CBF0299002900D010B96FF00F0065E0C8
:10BD900002985A460121FFF7C6FD0746002F5DD4E1
:10BDA000FFF76BFE79435618307D18B901253575BC
:10BDB000C6F808B0307DDFF8C481012808D007DC60
:10BDC00008F1680340F2C93208F5A871FFF7C1FF16
:10BDD00005B974B90299584600F0CCF8002C814698
:10BDE0003BD006D108F1680340F2DB327AA1FFF7BD
:10BDF000B0FF317D01290BDD62490F7000F03EF884
:10BE00000BF12D022146584603F03AFC814624E00E
:10BE100023D1254673A700E02D680DB368892989D1
:10BE2000884208D1286830B108F168034FF47B726A
:10BE30003946FFF78EFF287B0128EDD029890022A3
:10BE40000220F7F731F8050006D02146F7F7E0FAAF
:10BE500060B12846F7F717FAD1464846BDE8FE8F8D
:10BE600025462846F7F77AFA002DF5D0306808B154
:10BE7000F7F709FA35604FF00009EEE74FF400607C
:10BE8000009006F10C0370472DE9FC4704000E46B4
:10BE900092469846DFF8E49040F0088009F1680384
:10BEA0004FF48B6248A14846F9F718F800221C218C
:10BEB0000220F6F7F9FF050008BF4FF0FF3047D02A
:10BEC00068891C2808DA09F1680340F2644209F520
:10BED000BC714846F9F702F80D986F68F7F742FC15
:10BEE000F88094F82C00062808D009F1680340F285
:10BEF0006B4209F5D6714846F8F7F0FF0622414635
:10BF000007F10800F9F7D6FB0B99062207F112009A
:10BF1000F9F7D0FB0A9B1A6807F10E0006210260B0
:10BF200007F118000C9B1A6802604FF4807038808B
:10BF300008227A8039710420787140F60601009158
:10BF400053463246FFF76DFE2846F7F79CF900206E
:10BF5000BDE8F6877FB5029101240B4E0394051DC1
:10BF60000196009500F12D0300F12D01FFF78CFFE4
:10BF700004B070BD024AEDE788B200201C1201082F
:10BF8000ECF60008A8C10020F81F01086172705F7C
:10BF90007461626C655B695D2E71203D3D204E557C
:10BFA0004C4C000069203C204152505F5441424CAF
:10BFB000455F53495A4500006970616464722021ED
:10BFC0003D204E554C4C00006E6574696620213D45
:10BFD000204E554C4C0000007120213D204E554C08
:10BFE0004C0000006E6F207061636B65742071758A
:10BFF0006575657320616C6C6F7765642100000066
:10C0000038B5DFF80C49207820BBA06830B100F0CB
:10C0100079FCD92200F12801F8F760FFFBF761FFF6
:10C02000A06010B94FF0FF3032BD017ADFF8E4585C
:10C0300041F02001017244222946FBF7BDFEA068B1
:10C0400043222946FBF70FFFA0680FF66511002277
:10C05000FBF730FF2078401C2070002032BD10B567
:10C06000DFF8AC48207830B900F04CFCF32200F146
:10C070009001F8F733FF2278501E2070C0B220B92B
:10C08000A068FBF71AFF0020A06010BD38B5054678
:10C0900008216C6A00F0FBFB002204F1280128460D
:10C0A000FFF75AFEA07AFF281CBF401CA072012097
:10C0B000E08231BD2DE9FC410646012100F0E6FB9E
:10C0C00000F023FB5FEA000827D100F02EFB00F010
:10C0D00065FA0422322100F02AFBA06AF7F748FB38
:10C0E00000F067FB0422362100F021FB606AF7F7BD
:10C0F0003FFB00F05EFB0322372100F018FB002518
:10C1000000F007FBE8B20328FAD300F00BFB00F0C5
:10C11000F6FA00F038FA00F002FBA07AFF281CBF04
:10C12000401CA07218E22DE9FC47DFF8EC07DFF8AD
:10C13000EC970468DFF8D8871EE0818BD9B14A1EDE
:10C14000828318D1676A787A01281CBF0A280528DB
:10C1500011D1204600F09DFA798B388C00F07BF8E5
:10C1600009DBB88307E014206881718C308C00F003
:10C1700072F8A8BFF0832468002C6AD0606A002897
:10C180001CBF417A0029F6D0418C61B1028C521C4F
:10C19000028492B28A4206D1204600F00DFB20466E
:10C1A00000F0AEF9E7E7C18B0029C6D04A1EC28372
:10C1B000C3D1666A707A012818BF0A2803D00528FF
:10C1C00018BF0428D7D10421304600F062FB0322B7
:10C1D0003146204600F0F0FD06F10C0570BB02224E
:10C1E0003921304600F05DFB618D304600F098FB50
:10C1F00003223721304600F054FB4FF0000A5FFA6B
:10C200008AF040440AF1010A0179304600F068FBE7
:10C210005FFA8AF00328F2D3304600F0B9FE29898C
:10C22000286800F0F8F800942968D8F8080043233B
:10C230004A46FBF743FD304600F07CFEB07AFF280B
:10C240001CBF401CB072B17A09298CDC00F009F8DF
:10C250008AE7BDE8F387091A01EBD1704010012885
:10C2600070474FF47A70414389B201F2F3114FF4F1
:10C27000FA7291FBF2F0704710B5DFF89C06046883
:10C2800003E0204600F03CF924689CB3606A002873
:10C29000FAD0C28A022A02DB521EC282F4E7012AC5
:10C2A000F2D10021C182616A487A0C2818BF0628A1
:10C2B000E7D0012809D1887A0628204602DAFFF75C
:10C2C000F9FEE1E700F078FADBE7082809D1887A7F
:10C2D0000228204602DAFFF7D9FED5E700F063F91D
:10C2E000D2E70328D0D1887A02282046CADA00F0A3
:10C2F00020FAC9E710BD38B5446ADFF8A05A00211A
:10C30000E1622163E87808B16869606328790028F0
:10C3100012BFA869606B4008A0636879002811BF4C
:10C32000E869606BC0EBC000C008E0636068016949
:10C33000A162A87920B1286AF7F71AFAE062012011
:10C34000E072E87918B1686AF7F712FA206331BD34
:10C3500070B505006FF00F04DFF8446A40F0068006
:10C3600006F1500340F2D62261A109E095F833109E
:10C37000C80709D406F1500340F2D72206F1D801CC
:10C3800000F046F8204670BD688D6C6AB0F5107FED
:10C390002FDB34B94020F9F781F8040029D06C6212
:10C3A00017E0D4F80C0030B106F150034FF43C72A2
:10C3B00011A100F02DF8606838B106F1500340F289
:10C3C000F1220FF6E01100F023F8207A08B1FFF710
:10C3D00046FE40212046F9F779F9FFF711FE40B9F2
:10C3E00001202072284600F08BF820B1284600F08A
:10C3F00027FA4FF0FF3070BD7062756620705F6F76
:10C400007574207761736E277420667265656400A9
:10C410003046F8F763BDF03189B2F6F775BE00001B
:10C42000416A002900D1704710B54B7A73B1DB1E09
:10C43000022B01D9DB1F04D100248C72BDE810400F
:10C4400077E100228A72BDE8104059E010BD00007B
:10C450007CB504000BD102B0BDE87040DFF84009A4
:10C4600023A100F1500340F27B32F8F737BD656A33
:10C4700028003CD06A7A082A02BF0968A86A81426B
:10C4800035D10C21284600F004FA04222946204622
:10C4900000F092FC05F10C0610BB04223221284664
:10C4A00000F0FFF9F069F7F763F90146284600F05C
:10C4B00055FA284600F06CFD31893068FFF7ABFF74
:10C4C000DFF85004019000944323DFF844043168FE
:10C4D0008068DFF84824FBF710FC284600F02AFDAE
:10C4E000A87AFF281CBF401CA8721420708173BD5D
:10C4F0006E6574696620213D204E554C4C0000004D
:10C500002DE9FC4106460022746AA262062100F071
:10C51000BEF901222146304600F04EFC5FEA0008D9
:10C5200015D100F002F900F039F80322372100F0AC
:10C53000FEF8002500F0EDF8E8B20328FAD300F089
:10C54000F1F800F0DCF800F01EF800F0E8F8A07A4E
:10C55000FF281CBF401CA072A17A062909DA01221B
:10C5600002FA01F14FF47A70414389B201F2F311FA
:10C5700001E04EF653414FF4FA7091FBF0F0E08287
:10C580004046BDE8F681DFF88C0301900096E16833
:10C59000B868DFF888234323FBF7AFBB718DDFF862
:10C5A00070732046BCE13EB50400DFF8645A06D142
:10C5B00005F1500340F2FE320FF6902107E0606A69
:10C5C00040B905F150034FF480620FF69C2100F052
:10C5D000DCFC37BD002100F1280501844FF6FF7215
:10C5E000EB6813F1010F07D000F04DF888BF134638
:10C5F00099B201B9012343842B6913F1010F08D0CB
:10C6000000F041F888BF134699B201B901230383B2
:10C6100083836B6913F1010F0BD01E333C21B3FBF5
:10C62000F1F1914288BF11468BB203B901214183D8
:10C63000C183418B038B8B4202D309B1002101835B
:10C64000C17A09B1696803E02978802902DAFF21FB
:10C65000009104E0C029A8BF6FF07F420092AA6851
:10C660000192110005D12A6800990A4042F08072B7
:10C6700001920A2100F00DF901AB6A4629462046D5
:10C68000FCF764FB37BD1E333C21B3FBF1F393424F
:10C6900070472DE9FC410646052100F0F7F800F04F
:10C6A00034F85FEA00081BD100F03FF8FFF776FF8F
:10C6B0000322372100F03BF8002500F02AF8E8B209
:10C6C0000328FAD300F02EF800F019F80096E1687C
:10C6D000B868432304F12402FBF7F0FA00F01FF8D6
:10C6E000A07AFF281CBF401CA072A17A0A2904DA94
:10C6F0004FF4FA60FFF7B7FD00E028203FE7A18A7A
:10C70000E068F03189B2F6F7FFBC032221463046DB
:10C7100052E3E8B238446D1C01792046E0E020463F
:10C7200000F008BC204600F033BC0222392120462C
:10C73000B7E02DE9FC410646032100F0A7F8FFF71A
:10C74000E4FF5FEA000827D1FFF7EFFF4FF4107115
:10C75000FFF727FF04223221FFF7E9FFA06A6C4FA1
:10C76000F7F706F800F025F803223721FFF7DFFF7F
:10C770000025FFF7CEFFE8B20328FAD3FFF7D2FF78
:10C78000FFF7BDFF0096E168B868DFF8882843230B
:10C79000FBF794FAFFF7C3FFA07AFF281CBF401CE9
:10C7A000A072A17A0A2902DAFFF75BFD00E01420EB
:10C7B000E5E601462046D1E07CB505466C6A14B931
:10C7C0006FF00F0076BD606A0190284600F02EFCE5
:10C7D0000646002100F05BF800206062A062E06283
:10C7E0002063E063A063606360842084E083A083AF
:10C7F0002EB307222146284600F0DEFA060016D1A5
:10C8000004223621FFF793FF0198F6F7B1FFFFF7F7
:10C81000D0FFFFF787FFFFF772FF3D488068009564
:10C820004323E16801AAFBF749FAFFF778FFDFF835
:10C83000E827134611462846FCF788FA304676BDAD
:10C8400038B5DFF85C5558B905F15003284601B0FA
:10C85000BDE8304040F242520FF62401F8F73EBBEB
:10C86000446A94B1606838B105F1500340F24F5208
:10C870000FF2305100F089FB002100F008F8207A17
:10C8800018B1FFF7ECFB0020207231BD746A20461E
:10C89000FFE7427A914203D0002341728372C38240
:10C8A000704770B504460E46A18A15466918891C62
:10C8B000452907D300F026F84FF4AE6200F1FC01E1
:10C8C000F8F70CFB2169A28A1144501C81F8F06032
:10C8D000421C2169A28280B2084480F8F05070BDE9
:10C8E00038B504460D46A08A442807D300F00AF85C
:10C8F00040F27B5200F5A271F8F7F0FAA08A2269A3
:10C90000411C26E0DFF8980400F150037047000056
:10C91000000000202020010844C10020242001083C
:10C9200038B504460D46A08A801C452807D3FFF77A
:10C93000E9FF40F2825200F5C071F8F7CFFA2269A0
:10C94000A38A1A44290A82F8F010581C2269411C53
:10C9500080B21044A18280F8F05031BD38B5044651
:10C960000D46A08A001D452807D3FFF7CBFF40F2F4
:10C970008A5200F5E271F8F7B1FA2369A28A1344EA
:10C98000280E83F8F000511C481C236989B2194411
:10C990002A0C81F8F020411C236980B218442A0A2D
:10C9A00080F8F0204A1C2069A28289B20844D2E7AC
:10C9B0002DE9F44FDFF86406456888B0686A089985
:10C9C000029000284C6800F073810146087A002824
:10C9D00050D0486848B1DFF8C8030FF2C83100F101
:10C9E00050034FF4D562F8F779FA089841892C2959
:10C9F000C0F25B812078022819D10020009508E060
:10CA00002A18231892F82D101A7F91420FD1401C3A
:10CA1000C0B205F124010591097A884201DA06289D
:10CA2000EED36068F6F7A4FE029A1168884240F0DF
:10CA30003C81DFF868230020C2E9000006900898D6
:10CA400041892C29C0F031810898416802984160E1
:10CA5000F02008990D89164603E0012006906C200D
:10CA6000EC25089C039004E0091A89B203912D1A61
:10CA70002468002C00F01981608903998142F3DA5F
:10CA800003AB6068B3F800800490ADB2A84530DB1A
:10CA9000307840B1B2680020012A3070DFD0022A1D
:10CAA00005D0032AD9D00698002800F02081002163
:10CAB00006912C206C25D4E79DF8040001900122FA
:10CAC000F25506F10801019841F82700618988456F
:10CAD000DCDBA8EB01006D1A1FFA80F8ADB2A845A7
:10CAE000D6DA002DD4D02468002C00F0F8806068DD
:10CAF0000490049810F80810FF29C9D0608908F143
:10CB0000010282424FF0FF3708F1020A03DA049A69
:10CB10004244527805E0206800281ABF4068027835
:10CB2000002200291046DFF8789279D001295DD0E3
:10CB300003294FD0332944D034292DD0352920D092
:10CB4000362915D03A290AD03B2970D1042A08BFCA
:10CB500005274ED009F1500340F229625CE0042A17
:10CB600008BF042745D009F1500340F2256253E085
:10CB7000042A08BF02273CD009F1500340F2216289
:10CB80004AE0012A08BF012733D009F1500340F2DF
:10CB90001D620FF2285141E0012A04D10399F029C6
:10CBA00008D1002725E009F1500340F217620FF287
:10CBB0000C5133E009F1500340F219620FF20851B1
:10CBC0002CE0042A08BF032713D009F1500340F2D8
:10CBD000096221E00420042AA8BF072709DA09F125
:10CBE000500340F2FB520FF2C04117E0042A0FD16C
:10CBF0000627904408F1020100281FFA81F83FF44B
:10CC000065AF00230FF2D84201930792814620E0DE
:10CC100009F1500340F2F6520FF28041484642E0DB
:10CC2000A8F10101002200201FFA81F8E1E70020AD
:10CC3000DFE70120F0550AF1040A0198F6F798FDA4
:10CC400006F1080141F82700A9F104005FFA80F914
:10CC50007F1C082F07D30799DFF8C433504840F2F0
:10CC60003662F8F73BF9F05D00287FF42FAFB9F199
:10CC7000040FB4BFCB464FF0040B1FFA8AF35A4699
:10CC800001A92046F6F745FC58450ED1B9F1040F2D
:10CC900014DD19F0030FCCD041480FF2584100F1D8
:10CCA000500340F23E62F8F719F9029900204860FB
:10CCB0000898F6F7E8FA09B0BDE8F08F03D10198BB
:10CCC000F6F756FDFAE6B9F1010F3FF4F5AE344838
:10CCD0000FF2384100F150034FF4C962E3E73048E6
:10CCE0000FF23C4100F1500340F25462DBE77078F0
:10CCF0000028DAD0307B05281BD10298407A012821
:10CD00000DD10098FFF7F7FA0598C17B0807009846
:10CD100002D5FFF7BBF9C8E7FFF745FCC5E70328D5
:10CD20001CBF04280528C0D10098FFF7E4FA00983A
:10CD3000F2E7062818D10298407A032818BF012884
:10CD400003D0042818BF0528AFD1059800680C212E
:10CD5000FFF79FFDB04B00981A461946FBF7F6FF08
:10CD60000098FFF7CDFBA0E7022802BF029A507A95
:10CD700006289AD102980022C282059AB0781468D7
:10CD8000002892D03069F6F7F3FC606260680169B0
:10CD9000A1620098FFF78EF987E70000CCC0002061
:10CDA000400301087265706C79207761736E277497
:10CDB0002066726565640000F8B504000D461646ED
:10CDC000934F0AD107F1500340F21D720FF2643104
:10CDD00000F0ACF86FF00F00F2BD55B907F1500349
:10CDE00040F21E720FF26C3100F0A0F86FF00500F7
:10CDF000F2BDE86838B107F1500340F21F7207F541
:10CE0000017100F093F8286938B107F150034FF42D
:10CE1000E46207F50B7100F089F800224FF49A7173
:10CE20000020F6F741F8E86010B94FF0FF30F2BD8E
:10CE30004089B0F59A7F07D207F150034FF4E562BD
:10CE400007F5157100F072F8032E02D1687A0328F5
:10CE500007D1A87A734F10B902F04CFC38603968DA
:10CE600029600122E86840682861027028694270E0
:10CE7000286994F82C10817000212869C1702868F5
:10CE8000F6F776FC2969486000200023002208811B
:10CE90004B81CA60082E1CBF042E072E06D0032E1D
:10CEA00006D1687A052818BF042801D16068C860D7
:10CEB0000A614A618A61002194F82C00814205DAF6
:10CEC000062903D2601890F82D0000E000202A699E
:10CED0000A44491C10291077EED3002100202B6949
:10CEE00003F12C025054491C4029F8D300212A692F
:10CEF0000A44491C802982F86C00F8D329694A4801
:10CF0000C1F8EC000020A8822969014481F8F000F2
:10CF1000401C4428F8D3012235212846FFF7C1FCE4
:10CF200031462846FFF7DCFC0020F2BD3846F7F713
:10CF3000D5BF000038B50400354D0AD105F15003C6
:10CF4000284601B0BDE8304040F26D7289A1F7F784
:10CF5000C5BFE06838B905F1500340F26E7205F5BF
:10CF6000257100F012F8206938B905F1500340F23C
:10CF70006F7205F52F7100F008F8E06808B1F6F758
:10CF800082F90021E160216131BD2846F7F7A6BF93
:10CF900038B504001E4D0BD105F1500305F539716C
:10CFA000284601B0BDE8304040F28272F7F796BFE4
:10CFB000206938B905F1500340F2837205F54271DA
:10CFC000FFF7E3FFA08A442807D305F1500340F29E
:10CFD000847205F54D71FFF7D8FFA18A23694A1CB9
:10CFE0000B44A282FF2083F8F00006E0236990B290
:10CFF0001844002180F8F010521C91B2442902D349
:10D0000012F0030F01D04429F0D3A28231BD0000F9
:10D0100040030108242001082020010818C1002035
:10D020009003010860C100206382536300281CBF85
:10D03000406A002807D0407A0A281CBF0528042827
:10D0400001D10120704700207047000064686370C0
:10D050005F62696E643A206E6574696620213D20C6
:10D060004E554C4C00000000646863705F62696E4E
:10D07000643A206468637020213D204E554C4C007A
:10D08000646863705F73746F703A206E657469666C
:10D0900020213D204E554C4C000000006C656E2058
:10D0A0003D3D2034000000006C656E203E3D206454
:10D0B00065636F64655F6C656E0000006C656E2073
:10D0C0003D3D2031000000006F7665726C6F616439
:10D0D00020696E2066696C652F736E616D65000056
:10D0E000636865636B206465636F64655F6964781A
:10D0F000000000006465636F64655F6C656E2025E9
:10D10000252034203D3D203000000000696E76610E
:10D110006C6964206465636F64655F6C656E0000B4
:10D120006E657874207062756620776173206E7505
:10D130006C6C0000646863705F6372656174655F46
:10D140006D73673A206E6574696620213D204E55E7
:10D150004C4C0000646863705F6372656174655F66
:10D160006D73673A206468637020213D204E554CF2
:10D170004C000000646863705F64656C6574655F93
:10D180006D73673A206468637020213D204E554CD2
:10D190004C000000012002F0F9BA000070470000C6
:10D1A0002DE9F8430446FCF726FD654FB8684FF0BB
:10D1B0000008002508BB07F1180307F1180013F059
:10D1C000070F4FF47052014605D0C11DC908C900B0
:10D1D000C1F57053C2185218083AD208D20039600B
:10D1E0007D60BA6055601560531A4B600A604868EC
:10D1F0003861F8604FF0004078614FF0500978696D
:10D20000044241D1002C3FD0083414F0070F04D061
:10D2100004F1080104F007000C1AACB3F868A0424E
:10D2200032D33E68394601E0314606467068A04276
:10D2300002D230680028F7D1B868864224D00A6844
:10D240003068086002F108087268121B112A0CD3BA
:10D25000311911F0070002D000F01FF8FEE7301D71
:10D2600002517460084600F046F87168F8683A693F
:10D27000401AF860904288BF1046386178690143CF
:10D280007160356008F00705FCF7BBFC15B100F0D4
:10D2900004F8FEE74046BDE8F28389F31188BFF346
:10D2A0004F8FBFF36F8F7047002800D1704738B59C
:10D2B000A0F10804224D6368696950220B4204D131
:10D2C00082F31188FFF7EBFFFEE7206820B182F3BD
:10D2D0001188FFF7E4FFFEE78B436360FCF78BFCEC
:10D2E000E96860684118E960204600F004F8BDE88C
:10D2F0003140FCF786BC30B511490A4600E01A46B9
:10D3000013688342FBD35368D418844203D1406826
:10D31000C3185360104643681468C518A54208D165
:10D3200089688C4204D06168CB184360246800E0AF
:10D330000C460460824218BF106030BD000000003F
:10D34000100100204FF0FF3200F1080182604160BF
:10D35000C16000F1080202610021016070470021F4
:10D360000161704710B542684A6094688C609368A8
:10D370005960916008610168491C016010BD30B5B9
:10D380000D6815F1010F08BF046907D000F108040A
:10D3900000E01C4663681A689542FAD262684A60E7
:10D3A00091608C60616008610168491C016030BD5A
:10D3B00010B542680169836893608268436853606E
:10D3C0004C68844204BF83684B6000220261086895
:10D3D000401E0860086810BD490810B54900A0F15A
:10D3E0000C034FF0807459609C600FF20D011960BE
:10D3F00040F8202D203810BD544A5168502011F1BA
:10D40000010F80F31188BFF34F8FBFF36F8F00D0F0
:10D41000FEE7FEE71CB54E494C4C08780190FF230F
:10D420000B7007200A788DF800209DF8002002F08C
:10D430005002227005E09DF800205200401E8DF839
:10D4400000209DF800301A06F5D4424212F1030F75
:10D4500003D0A06000F050F8FEE7000200F4E060A6
:10D46000A060019808703B48026842F470020260B4
:10D47000016841F07041016002F092F900206060A3
:10D4800002F0D5F9002016BD502080F31188BFF3BB
:10D490004F8FBFF36F8F2D4A5168491C012951608E
:10D4A0000AD12D4B1A68110606D080F31188BFF3FC
:10D4B0004F8FBFF36F8FFEE770472449486838B934
:10D4C000502080F31188BFF34F8FBFF36F8FFEE7BB
:10D4D000401E486008BF80F31188704780B500F097
:10D4E0000BF8FCF7EDFB18B11B484FF080510160C1
:10D4F000002282F3118801BD502080F31188BFF310
:10D500004F8FBFF36F8F7047EFF305825020102AC3
:10D510000E490BD3114B9B5C0A78934206D280F3E1
:10D520001188BFF34F8FBFF36F8FFEE789680C4BF5
:10D530001A6802F4E062914206D280F31188BFF3C8
:10D540004F8FBFF36F8FFEE7704700003C00002055
:10D5500000E400E020ED00E004ED00E0F0E300E096
:10D560000CED00E010B586B000F058F9DFF8FC4291
:10D57000A068C0B100220592049204A903AA05A8DC
:10D58000F9F7E2FE059A04990292022001910090B7
:10D590000023039A0FF2DC210FF27100FCF7E0F98F
:10D5A0000028E06005D1502181F3118800F017F9BF
:10D5B000FEE7012006B010BD2046BDE8F681F8B5B3
:10D5C000044684B01E46002014B900F005F9FEE7B9
:10D5D000DFF89872BD68BDB10629009101920294EE
:10D5E0000CDAFCF7EAFC022807BF0A9A00230023A2
:10D5F0000022B8686946FCF707FF05E000233246C1
:10D6000069462846FCF797FF05B0F0BDF8B586B02F
:10D61000964D2968086810B90124002602E0C86800
:10D6200006680024FCF7E7FA01A800F09AF807461C
:10D630000198002839D124BBB74227D3FCF7E1FA7F
:10D640002968C868C468201DFFF7B2FEE069012898
:10D6500010D1A16933463A468919204600F0C4F832
:10D6600040B1002000900023324600212046FFF701
:10D67000A6FF18B1616A204688471FE000F0ACF8A9
:10D68000FEE769680868441EA441E40FA8682246C2
:10D69000F11BFDF70DFAFCF7B4FA78B974484FF0B6
:10D6A0008051016000F09BF808E0FCF7AAFA05E061
:10D6B000034602460918204600F096F8A8680022A2
:10D6C00002A9FCF7C2FF0028A3D00298002803D5C6
:10D6D00005990498039A904702980028EED4049C78
:10D6E000606910B1201DFFF763FE01A800F039F852
:10D6F00002990929E2D8DFE801F0151515050E0693
:10D700001515050EDAE794F82C000028D6D120462E
:10D71000FFF7CAFDD2E70399A1610029C8D100F043
:10D720005BF8FEE703990246A0690B4641182046C4
:10D7300000F05AF80028C1D0616A20468847E269A3
:10D74000012ABBD1002000900023039AA06982180F
:10D7500000212046FFF733FF0028AFD100F03CF84E
:10D76000FEE72DE9FC410646404DFCF79EFA29698B
:10D7700004468C4209D3002030602C611CE778609D
:10D780003F61391D2868FFF7FAFD29680868E8B18C
:10D79000C868D0F80080C768381DFFF709FE796AAD
:10D7A00038468847F8690128EFD1B8694044804578
:10D7B000E5D3002000900023424600213846FFF7C1
:10D7C000FEFE0028E1D100F007F8FEE76868696016
:10D7D000286001213160D0E7502080F31188BFF329
:10D7E0004F8FBFF36F8F704738B500248A42416076
:10D7F00000611E4D06D38169D21A8A4206D2011DEC
:10D80000686807E09A4203D2994201D3012403E0F9
:10D81000011D2868FFF7B3FD204632BD1CB5FFF798
:10D8200033FE124CA068E0B904F11400FFF78AFD42
:10D8300004F12800FFF786FD04F1140204F1280129
:10D84000002022606160009004F13C0304F18C022E
:10D8500010210A20FCF7ECFCA06010B107A1FDF735
:10D8600001F9BDE81340FFF728BE00003CAC0020E2
:10D8700004ED00E0546D722053766300546D7251D4
:10D88000000000004018491C1CBFB1F1010100F864
:10D89000012DF9D17047000010B50160002400216E
:10D8A000416000F13801C1E90244C0E90444C0E923
:10D8B0000244C0E90844C0E906448462C4620C70B2
:10D8C000446310BD2DE9F04F84460CF1380E084634
:10D8D000DEE902234A4931F81260C117A0FB06486D
:10D8E00001FB0688DCE902762546C1467C1946EB39
:10D8F0000908CCE90248DCE9046A3746D3462E46DB
:10D90000CA46A0FB065900FB0A9901FB0699DA46B4
:10D910007E194AEB090ACCE9046A521C63F1FF3311
:10D92000CEE90223DCF80420521CCCF80420DCF8F9
:10D9300000108A4213D3CCE90848DCE90423CCE97F
:10D9400006230024CCE90244CCE90444CCF804408A
:10D95000CEE9024401218EF80010CCF83400BDE875
:10D96000F08F2DE9F041044694F83800002842D0A9
:10D97000D4E9080101F06CFFDFF88880224F234EC4
:10D98000414601F0A9FD0546D4E9060101F08EFFEC
:10D99000414601F0A1FD80462846294601F09CFD44
:10D9A0000146404602F010F802F056F800F025F863
:10D9B000394601F091FD314601F08EFDA062284606
:10D9C00000F01BF8394601F087FD314601F084FD77
:10D9D000E062606B02F07AF800F00FF8394601F06F
:10D9E0007BFD314601F078FD094901F075FD2063AA
:10D9F000002084F83800BDE8F081064902F078B8CC
:10DA0000840100085C8159326F128340CDCC8C3F79
:10DA100000007A4400FEFF4680B50B48016841F4DF
:10DA200000710160026842F480620260016841F4A2
:10DA3000807101600320FAF780FC0F2001F0B8FD2F
:10DA400002F0E2F8002002BD003C024038B50400BC
:10DA500001D1012032BD04F13805687808B900F021
:10DA600013F800F007F800F020F8FFE7486100F035
:10DA700010F832BD242068702168C86820F4005076
:10DA8000C860204600F00CBA00212970204602F040
:10DA9000ABB92168C86840F40050C8606A602021B2
:10DAA00069702020A870002070472168086920F460
:10DAB0009040086100222168486920F02A007047E0
:10DAC0002DE9F843054605F138070C4678782028FB
:10DAD0001646994647D1002C14BF002E012043D092
:10DAE000387801283FD001223A7000217960212046
:10DAF0007870FBF7E7F8AE84EE84002280463A7037
:10DB000003E0286814F8011B4160E88CE0B1E88C60
:10DB1000411EE9844346A868CDF80090B0F5805FC7
:10DB20000DD100F023F8C0B920882968C0F308009F
:10DB300048602869002814BF641CA41CE5E700F0B5
:10DB400015F80028DDD008E0CDF80090434600220B
:10DB50004021284600F016F908B1032004E02020F7
:10DB60007870002000E00220BDE8F28300228021CE
:10DB7000284600F007B910B500F138035C78202C76
:10DB800016D109B1140001D1012010BD1C78012C5F
:10DB90000ED001241C7001628284C284002159606D
:10DBA00021225A7019700168C86840F080002AE08C
:10DBB000022010BD10B500F138039C78202C20D134
:10DBC00009B1140001D1012010BD1C78012C18D01E
:10DBD00001241C7081628285C28500215960222245
:10DBE0009A7019700168CA6842F48072CA6002684B
:10DBF000516941F0010151610168C86840F020009D
:10DC000001E0022010BDC860002010BD416921F074
:10DC100040014161606B70472968486940084000D5
:10DC20004861704770B5044620680268014612F0EA
:10DC30000F0FCB68456903F0200002F0200107D1E7
:10DC4000002918BF00285BD02046BDE87040DDE009
:10DC5000EE0702D413F4907F52D0D60705D5DB052A
:10DC600003D5E66B46F00106E663560705D5EB07DC
:10DC700003D5E66B46F00206E663960705D5EB078B
:10DC800003D5E66B46F00406E663120706D508B92D
:10DC9000EA0703D5E36B43F00803E363E26B002A72
:10DCA0006FD000291EBF0028204600F0AFF8206882
:10DCB0004069E26B110701D440061BD5204600F0F5
:10DCC0008EF8206841694A060FD5FFF79FFF60B1C3
:10DCD0000FF229110165606B02F090F9002850D015
:10DCE000606B016DBDE8704008472046BDE870409C
:10DCF00002F096BA204602F093FA0020E06370BD6D
:10DD000011062DD518062BD594F83910212938D1B4
:10DD1000A068B0F5805F0DD1226A21681088C0F339
:10DD20000800486020690028206A0CBF811C411C43
:10DD3000216205E0206A421C22620178206841606D
:10DD4000E08C401EE08480B2D8B92168C86820F019
:10DD50008000C8602168C86840F04000C86070BD9D
:10DD600050060ED559060CD52068C16821F0400137
:10DD7000C1602046202184F83910BDE87040FDF7CD
:10DD80008FB970BD2DE9F041069C05460E469046C0
:10DD90001F46296808683040B0420CBF01210021AD
:10DDA000414519D114F1010FF3D024B1FAF78AFFDC
:10DDB000C01B8442EDD22968C86820F4D070C860C6
:10DDC0002022FFF729FF202105F1380041708270E1
:10DDD00000210170032000E00020BDE8F08102680E
:10DDE000D16821F49071D1600268516949084900F5
:10DDF0005161202280F83A2070470000806B002299
:10DE0000C2850021C18402F00BBA000010B590F861
:10DE10003A10222942D18168B1F5805F2AD1826A05
:10DE20000169134601BB04686168C1F30801921CD3
:10DE300082621980C18D491EC18589B261BB0268A9
:10DE4000D16821F02001D1600268D16821F480718D
:10DE5000D16001684A69520852004A61202180F865
:10DE60003A1000F009FC17E00168496801F0FF0171
:10DE7000521CDDE701690029816A05D14A1C8262D2
:10DE800003685A680A70D5E74B1C836202685368BE
:10DE900003F07F030B70CDE7002010BD022010BD02
:10DEA00070B50446192622681169E06821F44051D2
:10DEB000014311616FF06305D3683A48A1680340DC
:10DEC00020690B4361690343E0690B430343D3605B
:10DED0005169A069344B21F44071014351613348C9
:10DEE000E169B1F5004F35D1824218BF9A4215D190
:10DEF000FDF79EFC46436068400000F059F805FBC2
:10DF00000015ED0032356421B5FBF1F14A0002F451
:10DF1000F87202EB001201F007013EE0FDF780FC11
:10DF2000464360684000B6FBF0F06421B0FBF1F1BD
:10DF300005FB0105ED0032356420B5FBF0F0420031
:10DF400002F4F87202EB0112216800F00700801859
:10DF5000886070BD824218BF9A4207D1FDF768FC05
:10DF600046436068800000F023F809E0FDF758FCA4
:10DF7000616846438900B6FBF1F16420B1FBF0F023
:10DF800005FB00152D0132356421B5FBF1F101F0DF
:10DF9000F00202EB001201F00F0120688918816085
:10DFA00070BD0000F369FFFF001401400010014044
:10DFB000B6FBF0F16422B1FBF2F0704738B5040013
:10DFC00001D1012032BD00F024F818B900F01DF88D
:10DFD00001F0EEFE0FE00068C16841F00101C16090
:10DFE000816801F00701062903D0016841F00101B1
:10DFF00001600020704702206870211D206800F039
:10E00000B0F801206870002032BD00212970204640
:10E01000704704F13C056878704710B504462068E5
:10E020000269910715D5C268910712D56FF00202F7
:10E03000026101212177806910F0030F204602D090
:10E0400002F0EFF803E002F0EDF800F087F80020AE
:10E05000207720680269510715D5C268510712D58B
:10E060006FF00402026102212177806910F4407F81
:10E07000204602D002F0D5F803E002F0D3F800F019
:10E080006DF800202077206801690A0715D5C1685E
:10E090000A0712D56FF00801016104222277C069D6
:10E0A00010F0030F204602D002F0BBF803E002F0AC
:10E0B000B9F800F053F80020207720680269D106F3
:10E0C00015D5C268D10612D56FF010020261082181
:10E0D0002177C06910F4407F204602D002F0A1F8F9
:10E0E00003E002F09FF800F039F800202077206864
:10E0F0000169CA0708D5C168CA0705D56FF00101D3
:10E1000001612046FCF7EEFF206801690A0608D588
:10E11000C1680A0605D56FF080010161204602F052
:10E1200082F820680269510608D5C3685A0605D5E9
:10E130006FF040010161204602F076F82068016925
:10E140008A060AD5C1688A0607D56FF020010161E9
:10E150002046BDE8104002F068B810BD204602F02D
:10E1600065B8F0B50368244D244CDFF894C0254A07
:10E17000254EA84218BFB0F1804F07D0B04218BF5B
:10E18000904203D0604518BFA0420DD123F0700724
:10E190004B683B43A84218BFB0F1804F17D0B04244
:10E1A0001CBF9042604512D0A0421CBF174A90424B
:10E1B0000DD0174EB0421CBF164A904207D0164EE3
:10E1C000B0421FBF154A9042154EB04203D123F40E
:10E1D0004072CB6813434A6923F080031343036002
:10E1E000A8428B68C3620A68826212BFA0420A69B1
:10E1F000026301214161F0BD0000014000040140C3
:10E20000000C0040000800400004004000400140B5
:10E21000004401400048014000180040001C00403C
:10E220000020004070B500F13C031A78012A01D1AA
:10E23000022070BD01241C7002225A7006687468A6
:10E24000B5684A68096824F070040C43746025F0CE
:10E250008005006815438560012159700020187001
:10E2600070BD00008A4B33F8101003EB80030022CE
:10E2700005E0874B33F8101003EB80030122186987
:10E28000FAF726B801B5084682490870FFF7EAFF99
:10E29000012200F070F801BD78B5C1B004460D460A
:10E2A00016464FF4827100226846FFF7EBFA79496F
:10E2B0000C7000F05DF800F05BF802202A0C290ACF
:10E2C0008DF800008DF801208DF802108DF80350B4
:10E2D0004FF48072314601A801F0A9FF2046FFF7F4
:10E2E000C1FF4FF4827200F046F842B070BD0000EA
:10E2F000F8B51446674F00BF69A2674D38700E0C21
:10E30000136800938DF803100B0A8DF802308DF816
:10E310000160FFF7A7FF00F03DF84FF47A73042285
:10E320006946284600F0C0FB4FF48072214628461B
:10E3300000F04EFEF1BD000038B504460D4600F079
:10E3400017F800F027F800BF56A0016800912B0CC9
:10E35000290A8DF801308DF802108DF803502046FF
:10E36000FFF780FF00F016F8042200F004F831BD3A
:10E370002146062086E76946474800F0DABD10B519
:10E380000446FFF7F5FF00F005F82146BDE8104010
:10E39000C72077E70A2000F065B910B50024E1B284
:10E3A0000620FFF76FFFFFF7F5FFE1B29820FFF7B8
:10E3B00069FFFFF7EFFFE0B2FFF7E1FFFFF7EAFFCA
:10E3C000641CE0B20828EADB10BD70B5334C267C33
:10E3D00004EB860502466869B0F5000F03D30021FF
:10E3E00069610120207330466969FFF755FF267186
:10E3F00069692068A160401C206001F58071686B2C
:10E40000696100F58070B0F5805F686306D3002015
:10E410006863090B09033046FFF78EFF761C002066
:10E42000301800F0F800361A267470BD2DE9F84354
:10E430001A4E777C80468946002522E006EB870449
:10E44000616DB1F5000F24BF00206065616D42462B
:10E450003846FFF74DFF606D00F580706065606FB6
:10E4600000F580706067B0F5805F24BF00206067B2
:10E470007F1CB90807EB5170C008A7EBC007FFB2BB
:10E480006D1C4D45DAD377743774BDE8F183000015
:10E490000C000020A9C1002018BF002028BA0020CD
:10E4A0000300000020000000FEB56B4C012210218B
:10E4B00000F0B1F86420FDF7E5F9012200F0B2F8B0
:10E4C000002200F0A7F86420FDF7DCF9012200F03B
:10E4D000A1F84FF47A70FDF7D5F900F0A2F800F03A
:10E4E0009DF85E4D5B4E4FF0FF33132206F118018D
:10E4F000284600F080FB00F091F8012200F092F82D
:10E5000000F08CF8112000F08BF800F087F800F094
:10E510007AF800F083F8012200F084F800F07EF829
:10E5200053A00027D0E90021CDE9002100F056F8E2
:10E5300011207170B07000F074F800F091F800F0E4
:10E5400062F800F08DF800F057F800F089F800F05C
:10E550004CF800F085F8012200F064F800F05EF855
:10E560007F1C082FE2DB1A2000F05AF800F056F862
:10E5700000F049F800F052F8012200F053F800F0E2
:10E580004DF8002700F02AF810207170B07000F0EC
:10E5900048F800F065F800F036F800F061F800F097
:10E5A0002BF800F05DF800F020F800F059F8012297
:10E5B00000F038F800F032F87F1C082FE2DB102062
:10E5C00000F02EF800F02AF800F01DF800F026F810
:10E5D000012200F027F800F021F8F7BD1DF8070030
:10E5E00040F040003070002170474FF0FF330122AF
:10E5F000B11C284600F058BA4FF0FF330122711CBD
:10E60000284600F051BA4FF0FF3301223146284628
:10E6100000F04ABA08212046F9F75ABE192021E035
:10E620003070002240212046F9F752BE80B500220A
:10E6300040210948F9F74CFE042000F013F8054882
:10E64000BDE80050021D00F12C011323034800F027
:10E6500034BD000014C0002000100240C0BE0020E5
:10E660006420FFE7002100E0491C8142FCD3704791
:10E6700005060708090A0B0C38B5DFF87C43DFF8FC
:10E680007C2323780120A07060781354401CC5B20D
:10E69000CD2DA8BF0020607000F050F90021E1707E
:10E6A00031BD38B504460D4600F04DF9F0B92046AD
:10E6B00000F06AF9D0B96078032804D0042807D0A4
:10E6C00006280AD00EE029462046BDE8344066E020
:10E6D00029462046BDE83440A2E029462046BDE850
:10E6E0003440CEE02046BDE8324065E131BDF8B5AA
:10E6F000DFF80443217901292FD1002020716678A9
:10E70000DFF8FC52DFF8F472721C39462846F6F73F
:10E71000D1FF00236370CD213846F6F7D7FFCD2116
:10E72000DFF8E002F6F7D2FF06F1FE01C9B2284693
:10E7300000F0B6F8A9198A1E1178527841EA022130
:10E74000A5F8D010814202BF28786179884204D1AF
:10E7500031462846BDE8F440A3E7F1BDDFF8980252
:10E760008178012908D1C278511CC92A03DB002114
:10E77000012281700271C170704738B505460C46A0
:10E7800001224FF48061DFF88002F9F7A1FD2246F3
:10E790002946BDE83840DFF87402FFF7ECB92DE9EF
:10E7A000F0418378C2784579DFF8644242EA032277
:10E7B000037945EA03252580DFF848420378237072
:10E7C0000021467866706800A0708C466E00DFF805
:10E7D0004402271D0FE0CBB29B1830F81380E31CD6
:10E7E0004FEA182E03F80CE007F80C800CF1020336
:10E7F000491C5FFA83FCB445EDDBF01CC1B2204636
:10E8000000F04EF8211D020A01F81520E31C761DC8
:10E8100003F81500B1B22046BDE8F04101F00EBD8D
:10E8200070B504460D46A078E17822797A4E51EA17
:10E830000021607940EA0220754A1080D6F8000174
:10E8400001D0802818D238B901213046FFF7EEFDFB
:10E850004FF4FA70FFF706FFD6F800014100731875
:10E86000725C597841EA02216A4A401C1180802872
:10E8700028BF0020C6F8000129462046BDE87040A8
:10E880008DE738B58478C3780579624A43EA042372
:10E89000447944EA052422F81340BDE834406CE78B
:10E8A000F0B503464FF6FF705FF000055FA40CE083
:10E8B000EAB29A5C5040082200F0010734F8176071
:10E8C000521E86EA6000F7D16D1CEEB28E42EFD385
:10E8D000F0BD38B5484C514D00206070A070E0701C
:10E8E000207100F02BF84FF4006100F024F818B903
:10E8F000607940F0010060714FF4806100F01BF816
:10E9000018B9607940F0020060714FF4007100F0B6
:10E9100012F818B9607940F0040060714FF480710A
:10E9200000F009F818B9607940F008006071617969
:10E930003848018731BD2846F9F7C4BC0122214679
:10E940003248FFF737B980B54378DB1E012B02D977
:10E95000DB1E0FD00CE00279417951EA02210FD081
:10E960008378C27842EA03228918491E642907DAAB
:10E97000002002BD8278C17841EA02216429F7DBD8
:10E9800000F01FF8012002BD80B54178062911D1A1
:10E9900002794179837841EA0221C27842EA03226E
:10E9A000182A07D1002918BF012903D000F038F830
:10E9B000012002BD002002BD10B500F018F80122B0
:10E9C00003E010B500F013F802224078A27040F086
:10E9D0008000607003212046FFF762FFE070052190
:10E9E000000A20712046BDE8104001F027BC054C0C
:10E9F00001782170704700002EB5002034B500204A
:10EA00005CB4002004B600200000024090B9002051
:10EA1000A6C10020D4B6002084B00020000C024023
:10EA200010B5FFF7E4FF0322CFE70000000001A0CC
:10EA300038B5040001D1012032BD0020A06204F1EC
:10EA40005005687820B900222A70204601F0FBF8B2
:10EA50000221697000F050FC6268A068E168A36957
:10EA6000024320690A43616902430A4303F40073C5
:10EA7000E069216A1A430243A06A23680A430243F9
:10EA80001A60A169606A2268090C01F0040101435F
:10EA900051602168C86920F40060C8610021696084
:10EAA00001206870002032BD2DE9F843074607F1C8
:10EAB0005006002530780C4691469846012808BF3C
:10EAC000022000F0968001203070FAF7FBF8717890
:10EAD000012918BF022554D1002C18BFB9F1000F2D
:10EAE00000F0838003217170002373603C63A7F8FA
:10EAF0003490A7F836900021B963BB87F9877B640F
:10EB00003964BB68B3F5004F04D13B68196841F420
:10EB10008041196039680B685C0603D40B6843F0C8
:10EB200040030B604446F968B1F5006F79682CD159
:10EB3000002918BFB9F1010F09D13B6B39681A8858
:10EB4000CA603B6B9A1C3A63F98E4A1EFA8680466D
:10EB500006E03A6B1188C1603A6B901C00F0C7F96F
:10EB6000F88E002835D0386882689107F1D4FAF71A
:10EB7000A9F8A0EB0800A04204D314F1010FEFD0D4
:10EB8000032533E0002CEBD1FAE7002918BFB9F1D7
:10EB9000010F00F0C2F9804608E03A6B117801736A
:10EBA000386B411C3963F88E411EF986F88E80B1AE
:10EBB000386882689107F0D4FAF784F8A0EB08006F
:10EBC000A04203D314F1010FF0D0D9E7002CEDD10E
:10EBD000D6E742462146384600F0F1FB08B1202036
:10EBE000706000F08FF9706800B1012500F09DF8A9
:10EBF0002846BDE8F2832DE9F843074600247868EB
:10EC00000D469146984607F15006B0F5827F04BF45
:10EC1000B86800280BD14FF0040C86F801C0CDF87D
:10EC200000804B462A46384600F084F87BE0307876
:10EC3000012808BF022076D001203070FAF742F890
:10EC40007178012918BF02246AD1002D18BFB9F1CB
:10EC5000000F64D00422727000217160BD63A7F8B8
:10EC60003C90A7F83E903963B9860022FA86396451
:10EC70007A64B968B1F5004F04D13A68116821F49B
:10EC80008041116039680A68530600F035F905467D
:10EC9000F968002926D108E0007BB96B0870B86BD1
:10ECA000421CBA63F98F481EF887F88F68B338683A
:10ECB0008268D107F0D4FAF705F8401B404504D329
:10ECC00018F1010FF1D003242AE0B8F1000FECD1C4
:10ECD000F9E7C168B86B0180B96B8A1CBA63F98F18
:10ECE000481EF887F88F80B138688168CA07F0D469
:10ECF000F9F7E8FF401B404503D318F1010FF1D0AD
:10ED0000E1E7B8F1000FEDD1DDE72A46414638468C
:10ED100000F040FB08B120207060706800B1012451
:10ED200000F003F82046BDE8F28301207070002156
:10ED3000317070472DE9FC47074607F15006012561
:10ED400030788A4691464FF00008012808BF02201B
:10ED500000F0CB801C463570F9F7B4FF7278012AB9
:10ED600023460AD07968B1F5827F02BFB9680029CD
:10ED7000042A02D04FF00208B4E0BAF1000F18BF25
:10ED8000B9F1000F00D00CB9A846ABE096F801C06D
:10ED9000BCF1040F1CBF4FF0050E86F801E0C4461D
:10EDA000C6F804C0C7F83890FC87BC87C7F830A005
:10EDB000FC86BC86C7F84080C7F8448039680A687A
:10EDC000540600F099F8F9680A9CB1F5006F79686B
:10EDD00041D1002918BF012B09D13B6B39681A8832
:10EDE000CA603A6B911C3963FA8E511EF9868146CE
:10EDF000F88E002804BFF88F002866D0396888682C
:10EE000082070CD5F88E002818BF002D07D0386B6C
:10EE10000288CA600025396B881C00F068F83968E0
:10EE20008868C2070BD5F88F48B1C868B96B0880ED
:10EE30000125B86B821CBA63F88F411EF987F9F778
:10EE400041FFA0EB0900A042D2D314F1010FCFD0B3
:10EE50004FF0030846E0002918BF012B00F05DF8D1
:10EE60008146F88E002804BFF88F00282DD039681D
:10EE7000886882070CD5F88E002818BF002D07D0AF
:10EE8000386B02780A730025396B481C00F02FF8A4
:10EE900039688868C2070BD5F88F48B1C868B96B64
:10EEA00008700125BA6B501CB863F98F481EF887AB
:10EEB000F9F708FFA0EB0900A04203D314F1010FFA
:10EEC000CFD0C5E7002CCCD1C2E74A462146384610
:10EED00000F075FA20B120204FF00108706001E0C9
:10EEE00000F010F8FFF721FF4046BDE8F6873863D1
:10EEF000F98E481EF886704703D40A6842F0400233
:10EF00000A607047B86838B9002100913968C8684C
:10EF1000009089680091009A704709D13B6B39686D
:10EF20001A780A733A6B511C3963FA8E511EF986AE
:10EF3000704770B5064606F1500500242878012870
:10EF400001D1022070BD01232B706878012818BF01
:10EF5000022439D109B1100001D1012434E0032089
:10EF6000687000236B603163B286F2860021B16362
:10EF700071643164B187F187B068B0F5004F04D196
:10EF80003168086840F480400860B06C0FF231319D
:10EF90000164B06C0FF23121C163B06C0FF23931F2
:10EFA000C164B06C0365F38E3068316B00F10C0204
:10EFB000B06C00F0EBFF10B100F067F804E000F077
:10EFC0006CF840F00200486000202870204670BDB8
:10EFD000F8B506460024B06806F15005002804BFC5
:10EFE0007368B3F5827F08D104246C70304601B099
:10EFF000BDE8F04013460A465FE02F78012F01D1AB
:10F000000220F2BD01272F706B78012B18BF02245C
:10F0100037D109B1130001D1012432E004236B7010
:10F0200000276F60B163B287F28700213464716496
:10F03000B486B0F5004FF18604D13168086820F439
:10F0400080400860F06C0FF281210164F06C0FF2D7
:10F05000C111C163F06C0FF28121C164F06C0465D1
:10F06000F38F3068B26B00F10C01F06C00F08EFF92
:10F0700010B100F00AF804E000F00FF840F00100D1
:10F080004860002028702046F2BD686840F01000FB
:10F0900068600124012068707047306801684A0682
:10F0A00003D4016841F0400101603168486840F0D4
:10F0B00020004860316848687047F8B5044604F19C
:10F0C000500600253078012801D10220F2BD012030
:10F0D00030707778012F09D06068B0F5827F02BF69
:10F0E000A0680028042F01D0022568E0002918BF7D
:10F0F000002A01D0180001D1012560E070780428B1
:10F100001CBF05277770002070602163A386E3860B
:10F11000A263A387E38720646064E06C7278042AAA
:10F1200007D10FF2A51101640FF2E500E16CC8638D
:10F1300006E00FF29D120FF241110264E06CC16310
:10F14000E06C0FF29511C164E06C0565E38F2068F7
:10F15000A26B00F10C01E06C00F018FFA8B9216867
:10F16000486840F001004860A06C0564A06CC5636D
:10F17000A06CC564A06C0565E38E2068216B00F16E
:10F180000C02A06C00F002FF38B1706840F0100073
:10F19000706001250120707011E0206801684A0646
:10F1A00003D4016841F0400101602168486840F0E3
:10F1B000200048602068416841F002014160002061
:10F1C00030702846F2BD000038B500F040F800F07D
:10F1D00039F811D400F03FF800F013F800F065F8AA
:10F1E00000F0FFF800F003F90020E086012184F828
:10F1F0005110606D00B13AE02046BDE83240FBF7A7
:10F20000A7BE2168486820F00200486070470000EF
:10F2100038B500F01CF800F015F80ED400F01BF81B
:10F2200000F01FF86421204600F0B4F808B1202156
:10F23000616500F03DF800B119E02046BDE83240BC
:10F24000FBF796BE2B6819680246C805704705464D
:10F25000AC6BF9F737BD2168486820F020004860A2
:10F2600070472168486880088000486070472046E1
:10F27000BDE8324001F00DB838B5FFF7E8FFFFF701
:10F28000E1FF0DD4FFF7E7FF00F00FF800F0A9F859
:10F29000FFF7E7FF0021E18600F00AF800B1E6E79A
:10F2A0002046BDE83240FBF76DBE6421204686E073
:10F2B0000020E087012184F85110606D7047000044
:10F2C000806B00F0E7BF0000806B00F0E4BF00003F
:10F2D000806B00F0E1BF0000806B02685168890814
:10F2E000890051600121426D42F01002426580F8B0
:10F2F000511000F0CEBF00002168086820F04000E7
:10F30000086070472DE9F041069F05460E4690467D
:10F310001C46296888683040B0420CBF012100219A
:10F32000414534D014F1010FF3D0F9F7CBFCC01BE9
:10F33000A04201D2002CECD12968486820F0E000FE
:10F3400048606868B0F5827F0BD1A868B0F5004FBF
:10F3500018BFB0F5806F04D12968086820F040001C
:10F360000860A86AB0F5005F09D12868016821F437
:10F37000005101602968086840F40050086005F1F8
:10F3800050000122427000210170032000E00020A3
:10F39000BDE8F0811CB504460B466068B0F5827F7D
:10F3A00008D1A068B0F5004F18BFB0F5806F01D14B
:10F3B000FFF7A2FF009280210022204605E01CB545
:10F3C00000920B46044600228021FFF79BFF10B1FC
:10F3D00000F002F8032016BD606D40F0200060656B
:10F3E000704718B1606D40F0200060657047A068FC
:10F3F00038B9002100912168C8680090896800919F
:10F40000009A70473EB500210020F5F7ADFE214C73
:10F41000214A22490292002020636063A063019187
:10F42000009004F1380304F1340204F1300104F1D6
:10F430003C00F9F74FFC04F13C00F9F7CFFC04F174
:10F440003C00F9F7D5FC164904F13C00F9F712FD30
:10F45000002201210120F7F70CFE054604F13C00D3
:10F460006062A56224212046F6F730F90EA24FF41F
:10F470008061102022606161A061E562224604F192
:10F4800024010848F7F7D9FC04F13C00BDE83E40F0
:10F49000FCF75EBFCCBC0020E95000085D5C0008B2
:10F4A000EB5D0008A55D00084C696E6B5468720046
:10F4B000C0F3C751D1F19E0108DD020242F00042C3
:10F4C000CA4002EBE07282EAE07070477FEAE070C7
:10F4D00080F0004070470000FF2212EAD05C1DBFA0
:10F4E00012EAD153944593422BE09C44D30780EA1F
:10F4F000010243EA002043EA01211A40A1FB003047
:10F50000C04238BF00187CF17F010BDBFE294ADACC
:10F510005B0842EAC15153EA006373F1004C51EBBE
:10F5200010207047D1F1080CDCF120012FDB5B08C3
:10F5300010FA01F10B4320FA0CF073F10041504135
:10F54000704794451CBF02EAD153934280EA0102FE
:10F5500002F000421DD0400019D0490017D05BB91D
:10F56000634514D00902B1FA81F39940BCEB030C56
:10F57000C00140F00040C1E70002B0FA80FC10FA80
:10F580000CF0B3EB0C0CC90141F00041B6E71000E0
:10F59000704740000AD0490008D010F1807F94BF26
:10F5A00011F1807F02E042F0FF407047D043704786
:10F5B00038B50D4D0D4A297804464FF47A7310681A
:10F5C000B3FBF1F1B0FBF1F0F8F7EBFE50B9102C02
:10F5D00008D2002221464FF0FF30F8F7B8FEAC60A9
:10F5E000002032BD012032BD480000205400002020
:10F5F00070B504460D4660890F283CDB63681978B6
:10F600009E89C80715D5012909D15878002804BF5B
:10F6100098785E280DD1607B40F0100008E006224B
:10F6200032A1184600F03AFE18B9607B40F008009D
:10F630006073082E6FF00D0103D0B6F5C16F0DD0C9
:10F6400019E095F83320100715D52046F3F717FE7B
:10F6500088B929462046F6F766F80FE095F833207A
:10F66000100708D52046F3F70AFE20B929462046A0
:10F67000FCF707FA02E02046F3F705FE002070BD14
:10F680002DE9F843804608980D4616469946F4F74A
:10F6900069F807460E212846F3F7F1FD10B16FF027
:10F6A00001001FE06C680622A78149462046F6F754
:10F6B00001F806223146A01DF5F7FCFF08F11806F7
:10F6C000307D062808D0084800F15C034FF496729C
:10F6D00000F12801F5F702FC326829464046BDE8F2
:10F6E000F8431047BDE8F2831C1A0108FFFFFFFF33
:10F6F000FFFF0000F0B52149214AD1F8807053681E
:10F700001078204D204E6FF0004418BB082006FBF7
:10F7100003532746B3FBF7F7401E04FB1733F6D11C
:10F720000F46102006FB0353A646B3FBFEFE04FB68
:10F730001E333B60A44657F8043B06FB0353B3FB60
:10F74000FCFC04FB1C33401E47F8043BEAD1CF6F9E
:10F750000120107006FB0353254607F01F07B3FB7B
:10F76000F5F551F8270004FB153341F82730C1F8AF
:10F770008000536020F04040F0BD000048BC0020F5
:10F780007C0000205FF36E3C0D66190080B500F030
:10F7900095FD024A11001820ABBEFBE726000200CF
:10F7A0000748084B00220260002181604FF47A7103
:10F7B0001A68B2FBF1F1491E4160072202607047EE
:10F7C00010E000E054000020EFF30980BFF36F8FDA
:10F7D0001D4B1A6820E9F00F106008B54FF050007B
:10F7E00080F31188BFF34F8FBFF36F8FFAF7C9FA19
:10F7F0004FF0000080F31188BDE8084019680868E0
:10F80000B0E8F00F80F30988BFF36F8F70470E4B9D
:10F8100019680868B0E8F00F80F30988BFF36F8FAC
:10F820004FF0000080F311884EF00D0E704707482E
:10F830000068006880F3088862B661B6BFF34F8F36
:10F84000BFF36F8F00DF00001CB9002008ED00E05F
:10F8500011F0004303D54942404261F10001B1B1CA
:10F86000B1FA81F241409040C2F1200261FA02F106
:10F8700081EA000018BF40F0010002F19D0102067C
:10F8800043EAC15172F1004241EB1020704758B178
:10F89000B0FA80F29040C2F19D02010643EAC252E2
:10F8A00071F1004142EB102070470000A9B1B1FA9C
:10F8B00081F241409040C2F1200261FA02F181EAF6
:10F8C000000018BF40F0010002F19D01C9050206C9
:10F8D00072F1004241EB1020704750B1B0FA80F253
:10F8E0009040C2F19D02D205010671F1004142EB48
:10F8F00010207047431A4FF000423EBF5340C01AD9
:10F90000C918D3095FEAD05C13EB400F34BFB3EBE7
:10F91000410F40E07CEBD1530CD342EA012122D8C5
:10F92000D1EB402009D3400A28BF5FEA500140EBE9
:10F93000CC507047401A15D04002B0FA80F2521CE9
:10F940009040400A4FEA3C23B3EB026384BF00EBD4
:10F95000730007E040F400001A16DB07C2F1010251
:10F96000D04018437047182BFCDC31FA03F202FA3E
:10F9700003F3591A38BF42F00102D2EB40203CBFDA
:10F980000018ACF1010C5FEACC5CC20572F10041D9
:10F990004CEB5020704713EB400F0FD2C94209D0F7
:10F9A000ACEBD153022B03DB4902172BDDDD704793
:10F9B0009143401AC042D5D10020704713EB410F4C
:10F9C000D0D36FF00000704790EA010F7FF592AF3F
:10F9D00081F00041421A3CBF801A8918C0F3C75217
:10F9E000FF2A4FF0004C22D0C1F3C7534BB3D21AB9
:10F9F000D2F119032EDD4CEA01214CFA03F321EA7E
:10FA00000303D1404CEA00226FF3160052180FD3C3
:10FA100053EAC2534CEA520273EB0C0C50EB122027
:10FA2000420012F1807F38BF70476FF316007047B5
:10FA300053EA026322EA0C0273EB0C0C50EB122027
:10FA40007047490212BF9A4200EB5120EFE7D2F112
:10FA50001703D2D5704700004FF40002C10D23D028
:10FA6000FF2929D230EAC15010437D31490828BF0F
:10FA7000001880004FF0C073B0F1906006D45208B7
:10FA80000ED2C01A9B18D2EB4000F8D5520806D20D
:10FA9000C0189B1AD2EB4000F1D55208F8D35B1E78
:10FAA000580850EBC1507047B0FA80F108398840CF
:10FAB000F9D0D1F10101D8E7FF2914BFC042F2E724
:10FAC000D042F0D8C843AFF30080704710F0004C2C
:10FAD00068B148BF4042B0FA80F18840D1F19D0141
:10FAE0004CEAC15C010671F100414CEB10207047FB
:10FAF0004FF0FF0C1CEAD0531DBF1CEAD1526345E6
:10FB0000624543E09B1A5FEACC7280EA010C42EA4C
:10FB100001211CEA020C42EA0020421A38BF01EB24
:10FB2000420253F17E034FEA1121B2FBF1F001FBD7
:10FB3000102260F3D63C4FEA0222B2FBF1F001FB47
:10FB4000102260F3CE1C4FEA0222B2FBF1F006DD78
:10FB5000FF2B29DA5CEA500040EBC3507047C3F139
:10FB6000020301FB1022192B40EA4C010CF0004C5F
:10FB700041F0807121DC21FA03F0C3F120039940A8
:10FB8000114371F1004250EB0C00704763451ABFFE
:10FB90000CEAD152624512E080EA010C00180CF028
:10FBA000004C06D049181AD10CF0004C4CF0FF4024
:10FBB0007047C94208BF6FEA020C60467047634550
:10FBC00006D1B2EB0C02F5D001F00041484070477D
:10FBD0004A0212BF0846484000F0004070474AB948
:10FBE0000902B1FA81F2914043B19B18C00140F083
:10FBF000004092E7C90141F0004152420002B0FAD0
:10FC000080F39840D31A88E782B00020009095488E
:10FC1000416841F480414160416801F480410091B4
:10FC20000021009B00910F21026842F08052026087
:10FC30000022006800F0805000906FF00100009BEF
:10FC400002B0F8F784BB2DE9F84386B0054600F012
:10FC500004F92A68844B854885499A424FF48069A3
:10FC600043D1002200924FF0C0674B69814C43F4AE
:10FC700080534B614FF400384A6902F4805200927D
:10FC80000022009E7C4E00920B6843F002030B6042
:10FC90000223096801F0020100913821009A0293C1
:10FCA000002203920191032305220493059201A9E6
:10FCB000F8F726FA266067600020A06000F06CF874
:10FCC00008B1FBF751FBEC64A56306F148006B4CEF
:10FCD000206067604021A160002000F05DF808B15D
:10FCE000FBF742FBAC64A5634EE0654B9A424BD1F7
:10FCF000002200920B69634F43F480430B610A6951
:10FD000002F4804200920022009B009202220E68C0
:10FD100046F002060E6009685B4E01F00201009198
:10FD20004FF44441009B019102920321002304916E
:10FD300005220393059201A9F8F7E2F90020786003
:10FD4000B860F8607861B861F861386278623E60E6
:10FD500000F01DF808B1FBF707FBEF64BD6340201E
:10FD60004A4F06F118020021B8603A607960F960E4
:10FD70007961B961F9613962796200F008F808B116
:10FD8000FBF7F2FAAF64BD6307B0BDE8F083C7F8D4
:10FD90001090384600F082B8E060C4F810906061BE
:10FDA000A061E061C4F820806062204600F076B86F
:10FDB000026837498A4200D0704780B50020009021
:10FDC00000222848016841F0100101600521006807
:10FDD00000F0100000903620009BF8F7B8FABDE85C
:10FDE00002403620F8F7D2BA10B586B0044600F0CB
:10FDF00034F8236827498B422DD1002000901C48FD
:10FE0000016941F400210161016901F400210091BF
:10FE10000021009B0091026842F00402026002226D
:10FE2000006800F0040000904FF4406000990292D6
:10FE3000012103910190082103220591049201A957
:10FE40001548F8F75DF9002207213420F8F77FFA0A
:10FE50003420F8F79BFA06B010BD1421002201A847
:10FE6000FDF710BD40380240003001400004024060
:10FE70003038024040BD002010640240A0BD002088
:10FE80000038004000BE00205860024060BE0020E4
:10FE900000100040004C00400008024070B50446CD
:10FEA000F8F710FF06460CB9012070BD04F13405C7
:10FEB000002028700221697000F062F82268116841
:10FEC000C80708D5F8F7FEFE801B0628F6D32021C8
:10FED0002962032052E01368DFF8DC026168034006
:10FEE000A0680B43E168034320690B436169034346
:10FEF000A0690B43E16903430B43216A606A19431C
:10FF0000042803D1E06A0843216B01431160226891
:10FF10005369606ADB08042840EAC3030AD1A66A71
:10FF2000E06A334330B1A16989B9002E18BF022EAF
:10FF30001FD016D35361204600F05AF9A96A3F2218
:10FF40008A408260002028620121697070BDB1F58D
:10FF5000005F0AD1032EEDD8DFE806F00D0B0D038C
:10FF6000E8E7B0F1C07FE5D105E0022E03D9F61E27
:10FF7000E0D1C001DED5402129620120687070BD4A
:10FF8000216808684008400008607047F8B50446DA
:10FF900004F13407002538787E6A012801D1022057
:10FFA000F2BD01203870787801281DD14FF0020C85
:10FFB00087F801C000203862204600F009F9B86ACD
:10FFC0003F2101FA00FCC6F808C02068016841F032
:10FFD00016010160F86820B12168086840F0080047
:10FFE000086000F005F801E03D7002252846F2BDEA
:10FFF0002168086840F001000860704790F83520DB
:020000040801F1
:10000000022A03D08021416501207047052180F834
:1000100035100168086840084000086000207047FB
:100020002DE9FC41064606F134050020634A0090A4
:100030004FF416506F6A11683C68B1FBF0F8A86A7B
:10004000082101FA00F004420ED0306803685A0714
:100050000AD5036823F004030360A86A8140B960ED
:10006000296A41F001012962A86A24FA00F2D10745
:100070000BD5326851690A0607D5012101FA00F053
:10008000B860286A40F0020028620421A86A814012
:100090000C4208D033681A68900704D5B960286A02
:1000A00040F0040028621021A86A81400C421BD055
:1000B00033681A68100717D5B960306802685103B1
:1000C00007D5006801030BD5696969B130468847D7
:1000D0000AE00168CA0503D4016821F00801016043
:1000E000E96809B130468847A86A202181400C425E
:1000F00041D032681068C3063DD5B9603068697870
:1001000005291ED1026822F016020260316800F053
:1001100057F804BF6869002804D03068016821F0EE
:10012000080101603F22A86A8240BA60002129705C
:1001300001226A70E96900293AD03046BDE8FC41E5
:10014000084701684A0307D5006801030FD42969ED
:1001500089B1304688470EE00168CA0507D40168B6
:1001600021F01001016000222A7001206870A96846
:1001700009B130468847286AD0B1296AC80711D525
:10018000052169703168FFF7FCFE0098401C80452E
:10019000009003D332681168C807F6D400222A7091
:1001A00001216970A96919B13046BDE8FC410847D1
:1001B000BDE8F381000000003F8010F054000020F3
:1001C000486920F080004861E86800287047000016
:1001D00030B50468256825F4802525606360806853
:1001E000402802D1A260E16030BDA160E26030BD74
:1001F00010B501461822086807A400F0FF03103B61
:10020000B3FBF2F2800AA35CCB658002042A28BF0C
:10021000001D886510BD00000006101600061016AF
:10022000704770477047704770477047704710B508
:100230000446F5F73FFA204610BD0000F8B5074622
:100240000C460F4D01224FF480712846F8F740F814
:100250000A4E012200F018F84FF47A73224639460C
:100260000848FDF72DFC002200F00EF82846BDE8F6
:10027000F84000224FF48071F8F72AB800000240DD
:100280000008024090B900204FF480613046F8F732
:100290001FB8704770477047704700000300002088
:1002A000521E22BF13F8010B11F801CBB0EB0C006A
:1002B000F6D0521C08BF10467047000010B500F081
:1002C0003BF8020000230024E4431068A04203D05E
:1002D00011000220ABBE13605068A04203D0111D74
:1002E0000220ABBE536010BDF0B583B0060000F035
:1002F00023F8B10047183C680025ED43AC4216D105
:10030000AFF300803C68AC420FD100BF09A0009061
:10031000002E01D1002000E0042001900320029073
:1003200069460120ABBE04003C60AFF300802000B2
:1003300003B0F0BD3A747400004870470401002017
:10034000417373657274696F6E2022257322206673
:1003500061696C6564206174206C696E6520256438
:1003600020696E2025730A00646863705F696E639C
:100370005F7063625F726566636F756E7428293A99
:10038000206D656D6F7279206C65616B00000000F7
:10039000443A5C436F64655C717765725C4D696477
:1003A000646C6577617265735C54686972645F50F0
:1003B000617274795C4C7749505C7372635C636FF3
:1003C00072655C697076345C646863702E630000EB
:1003D000646863705F7063625F726566636F756E99
:1003E0007428293A20726566636F756E7420657291
:1003F000726F72006E6574696620616C726561640B
:10040000792068617320612073747275637420644D
:1004100068637020736574006E6574696620697323
:10042000206E6F742075702C206F6C64207374794B
:100430006C6520706F72743F000000006468637028
:100440005F6F7074696F6E3A20646863702D3E6FE1
:100450007074696F6E735F6F75745F6C656E202B5F
:100460002032202B206F7074696F6E5F6C656E2078
:100470003C3D20444843505F4F5054494F4E535FDA
:100480004C454E00646863705F6F7074696F6E5F97
:10049000627974653A20646863702D3E6F70746988
:1004A0006F6E735F6F75745F6C656E203C2044489F
:1004B00043505F4F5054494F4E535F4C454E0000E0
:1004C000646863705F6F7074696F6E5F73686F727A
:1004D000743A20646863702D3E6F7074696F6E7338
:1004E0005F6F75745F6C656E202B2032203C3D2061
:1004F000444843505F4F5054494F4E535F4C454E14
:1005000000000000646863705F6F7074696F6E5FF5
:100510006C6F6E673A20646863702D3E6F7074690B
:100520006F6E735F6F75745F6C656E202B20342067
:100530003C3D20444843505F4F5054494F4E535F19
:100540004C454E00646863705F6372656174655FFB
:100550006D73673A20646863702D3E705F6F7574C9
:10056000203D3D204E554C4C0000000064686370F7
:100570005F6372656174655F6D73673A2064686379
:10058000702D3E6D73675F6F7574203D3D204E5535
:100590004C4C0000646863705F6372656174655FF2
:1005A0006D73673A20636865636B207468617420BB
:1005B000666972737420706275662063616E20686C
:1005C0006F6C642073747275637420646863705F09
:1005D0006D736700646863705F64656C6574655F04
:1005E0006D73673A20646863702D3E705F6F757439
:1005F00020213D204E554C4C000000006468637083
:100600005F64656C6574655F6D73673A20646863E9
:10061000702D3E6D73675F6F757420213D204E55C0
:100620004C4C0000646863705F6F7074696F6E5F3C
:10063000747261696C65723A206468637020213D50
:10064000204E554C4C000000646863705F6F7074FE
:10065000696F6E5F747261696C65723A2064686379
:10066000702D3E6D73675F6F757420213D204E5570
:100670004C4C0A00646863705F6F7074696F6E5FE2
:10068000747261696C65723A20646863702D3E6FA4
:100690007074696F6E735F6F75745F6C656E203C0C
:1006A00020444843505F4F5054494F4E535F4C4590
:1006B0004E0A0000417373657274696F6E202225C3
:1006C0007322206661696C6564206174206C696EB8
:1006D0006520256420696E2025730A0063686563C0
:1006E0006B2074686174206669727374207062751F
:1006F000662063616E20686F6C642073747275632A
:1007000074207463705F686472000000443A5C4354
:100710006F64655C717765725C4D6964646C657764
:10072000617265735C54686972645F506172747958
:100730005C4C7749505C7372635C636F72655C7488
:1007400063705F6F75742E63000000007463705FE8
:1007500077726974653A207062756673206F6E20D7
:100760007175657565203D3E206174206C6561730F
:1007700074206F6E65207175657565206E6F6E2DC6
:10078000656D7074790000007463705F77726974CE
:10079000653A206E6F207062756673206F6E2071EF
:1007A00075657565203D3E20626F746820717565C2
:1007B00075657320656D7074790000007463705FF7
:1007C00077726974653A20617267203D3D204E550D
:1007D0004C4C202870726F6772616D6D6572207667
:1007E000696F6C61746573204150492900000000F5
:1007F0007463705F77726974653A20524F4D207050
:10080000627566732063616E6E6F74206265206F1F
:1008100076657273697A656400000000756E7365B1
:100820006E745F6F76657273697A65206D69736D3A
:100830006174636820287063622D3E756E73656E07
:1008400074206973204E554C4C2900007463705F0E
:1008500077726974653A20636865636B20746861B8
:100860007420666972737420706275662063616EAD
:1008700020686F6C642074686520636F6D706C65B0
:100880007465207365676C656E0000007463705F4B
:1008900077726974653A2063616E6E6F7420636F5E
:1008A0006E636174656E617465207768656E207033
:1008B00063622D3E756E73656E7420697320656D7D
:1008C000707479007463705F77726974653A20653B
:1008D0007874656E73696F6E206F662072656665E9
:1008E00072656E63652072657175697265732072D9
:1008F00065666572656E6365000000007463705F15
:10090000656E71756575655F666C6167733A206EBB
:1009100065656420656974686572205443505F534F
:10092000594E206F72205443505F46494E20696EE5
:1009300020666C616773202870726F6772616D6DDD
:1009400065722076696F6C61746573204150492926
:10095000000000007463705F656E71756575655F9A
:10096000666C6167733A20636865636B20746861C5
:100970007420666972737420706275662063616E9C
:1009800020686F6C64206F70746C656E00000000EE
:100990007463705F656E71756575655F666C6167C0
:1009A000733A20696E76616C6964207365676D6562
:1009B0006E74206C656E6774680000007463705F0D
:1009C000656E71756575655F666C6167733A206900
:1009D0006E76616C6964207175657565206C656EF5
:1009E00067746800646F6E27742063616C6C207498
:1009F00063705F6F757470757420666F72206C69B8
:100A00007374656E2D7063627300000041737365CB
:100A10007274696F6E2022257322206661696C658D
:100A200064206174206C696E6520256420696E20E5
:100A300025730A00443A5C436F64655C71776572A4
:100A40005C4D6964646C6577617265735C54686958
:100A500072645F50617274795C4C7749505C737258
:100A6000635C636F72655C7463702E6300000000EA
:100A7000646F6E27742063616C6C207463705F61B7
:100A8000626F72742F7463705F6162616E646F6E07
:100A900020666F72206C697374656E2D706362736B
:100AA000000000007463705F62696E643A206361E5
:100AB0006E206F6E6C792062696E6420696E20739F
:100AC0007461746520434C4F534544007463705FF8
:100AD0006C697374656E3A2070636220616C726534
:100AE00061647920636F6E6E6563746564000000F5
:100AF000646F6E27742063616C6C207463705F7226
:100B0000656376656420666F72206C697374656EC8
:100B10002D706362730000007463705F72656376AA
:100B200065643A206C656E20777261707065642030
:100B30007263765F776E640A000000007463705F12
:100B4000636F6E6E6563743A2063616E206F6E6CC6
:100B50007920636F6E6E6563742066726F6D2073AB
:100B60007461746520434C4F534544007463705F57
:100B7000736C6F77746D723A206163746976652067
:100B80007063622D3E737461746520213D20434C77
:100B90004F5345440A0000007463705F736C6F77B5
:100BA000746D723A20616374697665207063622D9A
:100BB0003E737461746520213D204C495354454E69
:100BC0000A0000007463705F736C6F77746D723A23
:100BD00020616374697665207063622D3E73746171
:100BE000746520213D2054494D452D574149540AF3
:100BF000000000007463705F736C6F77746D723AFD
:100C0000206D6964646C652074637020213D2074DC
:100C100063705F6163746976655F7063627300001F
:100C20007463705F736C6F77746D723A206669726B
:100C3000737420706362203D3D207463705F616354
:100C4000746976655F706362730000007463705F3F
:100C5000736C6F77746D723A2054494D452D57412E
:100C60004954207063622D3E7374617465203D3D6C
:100C70002054494D452D5741495400007463705F1D
:100C8000736C6F77746D723A206D6964646C652063
:100C900074637020213D207463705F74775F7063AC
:100CA000627300007463705F736C6F77746D723A77
:100CB00020666972737420706362203D3D20746306
:100CC000705F74775F70636273000000696E7661B5
:100CD0006C696420736F636B6574207374617465F1
:100CE00020666F7220726563762063616C6C62614E
:100CF000636B0000696E76616C696420736F636B6F
:100D0000657420737461746520666F722073656EFC
:100D1000742063616C6C6261636B0000696E766164
:100D20006C696420736F636B6574207374617465A0
:100D300020666F72206572722063616C6C62616301
:100D40006B000000417373657274696F6E20222519
:100D50007322206661696C6564206174206C696E21
:100D60006520256420696E2025730A00443A5C439F
:100D70006F64655C717765725C4D6964646C6577FE
:100D8000617265735C54686972645F5061727479F2
:100D90005C4C7749505C7372635C636F72655C7026
:100DA0006275662E63000000706275665F616C6C30
:100DB0006F633A207062756620702D3E7061796CA9
:100DC0006F61642070726F7065726C7920616C69FC
:100DD000676E656400000000636865636B20702DBA
:100DE0003E7061796C6F6164202B20702D3E6C65C4
:100DF0006E20646F6573206E6F74206F7665726607
:100E00006C6F772070627566000000005042554696
:100E10005F504F4F4C5F42554653495A45206D75C0
:100E20007374206265206269676765722074686107
:100E30006E204D454D5F414C49474E4D454E540047
:100E4000706275665F616C6C6F633A207062756684
:100E500020712D3E7061796C6F61642070726F70CB
:100E600065726C7920616C69676E656400000000D2
:100E7000706275665F616C6C6F633A207062756654
:100E80002D3E7061796C6F61642070726F70657255
:100E90006C7920616C69676E6564000070627566CC
:100EA0005F616C6C6F6365645F637573746F6D3ADB
:100EB000206261642070627566206C6179657200E1
:100EC00070632D3E637573746F6D5F667265655FE9
:100ED00066756E6374696F6E20213D204E554C4CD3
:100EE00000000000286820213D204E554C4C292050
:100EF000262620287420213D204E554C4C292028A0
:100F000070726F6772616D6D65722076696F6C616A
:100F1000746573204150492900000000702D3E7413
:100F20006F745F6C656E203D3D20702D3E6C656E6C
:100F300020286F66206C617374207062756620696A
:100F40006E20636861696E2900000000702D3E7498
:100F50006F745F6C656E203D3D20702D3E6C656E3C
:100F6000202B20712D3E746F745F6C656E00000045
:100F7000706275665F636F70793A2074617267653D
:100F800074206E6F742062696720656E6F75676884
:100F900020746F20686F6C6420736F7572636500D6
:100FA000706275665F636F7079282920646F65735E
:100FB000206E6F7420616C6C6F77207061636B655D
:100FC0007420717565756573210000007062756627
:100FD0005F636F70795F7061727469616C3A2069E8
:100FE0006E76616C69642064617461707472000073
:100FF000417373657274696F6E20222573222066B7
:1010000061696C6564206174206C696E652025647B
:1010100020696E2025730A00443A5C436F64655C66
:10102000717765725C4D6964646C65776172657334
:101030005C54686972645F50617274795C4C774982
:10104000505C7372635C636F72655C7463705F693C
:101050006E2E63007463705F696E7075743A206100
:101060006374697665207063622D3E737461746584
:1010700020213D20434C4F53454400007463705F72
:10108000696E7075743A2061637469766520706367
:10109000622D3E737461746520213D2054494D4595
:1010A0002D574149540000007463705F696E70757C
:1010B000743A20616374697665207063622D3E73B3
:1010C0007461746520213D204C495354454E000005
:1010D0007463705F696E7075743A207063622D3E40
:1010E0006E65787420213D207063622028626566F9
:1010F0006F72652063616368652900007463705FC7
:10110000696E7075743A207063622D3E6E657874F6
:1011100020213D207063622028616674657220631F
:1011200061636865290000007463705F696E7075A3
:10113000743A2054494D452D5741495420706362FB
:101140002D3E7374617465203D3D2054494D452DFD
:1011500057414954000000007063622D3E736E6475
:101160005F71756575656C656E203E3D20706275BA
:10117000665F636C656E286E6578742D3E7029001D
:101180007463705F726563656976653A207365673D
:101190006D656E74206E6F74207472696D6D656418
:1011A00020636F72726563746C7920746F20726350
:1011B000765F776E640A00007463705F72656365C2
:1011C0006976653A207365676D656E74206E6F741D
:1011D000207472696D6D656420636F7272656374EB
:1011E0006C7920746F206F6F7365712071756575F0
:1011F000650A00007463705F726563656976653ABD
:10120000206F6F736571207463706C656E203E2073
:101210007263765F776E640A000000004173736545
:101220007274696F6E2022257322206661696C6575
:1012300064206174206C696E6520256420696E20CD
:1012400025730A007374617465203D3D2045544840
:101250004152505F53544154455F50454E44494EAE
:1012600047207C7C207374617465203E3D2045548A
:10127000484152505F53544154455F535441424C8E
:1012800045000000443A5C436F64655C71776572A9
:101290005C4D6964646C6577617265735C54686900
:1012A00072645F50617274795C4C7749505C737200
:1012B000635C636F72655C697076345C65746861E9
:1012C00072702E63000000006172705F7461626C66
:1012D000655B695D2E7374617465203D3D204554E6
:1012E000484152505F53544154455F454D50545905
:1012F000000000006E657469662D3E687761646465
:10130000725F6C656E203D3D204554485F485741F3
:101310004444525F4C454E006574685F72657420AA
:10132000213D204E554C4C2026262069705F726569
:101330007420213D204E554C4C0000006172705FBE
:101340007461626C655B6172705F6964785D2E7355
:1013500074617465203E3D204554484152505F53AE
:10136000544154455F535441424C45006172705F93
:101370007461626C655B695D2E7374617465203D98
:101380003D2050454E44494E47206F7220535441F2
:10139000424C4500636865636B2074686174206625
:1013A0006972737420706275662063616E20686F65
:1013B0006C642073747275637420657468617270F4
:1013C0005F686472000000006E657469662D3E6897
:1013D00077616464725F6C656E206D7573742062F2
:1013E00065207468652073616D65206173204554C4
:1013F000485F4857414444525F4C454E20666F72E7
:10140000206574686172702100000000417373658B
:101410007274696F6E2022257322206661696C6583
:1014200064206174206C696E6520256420696E20DB
:1014300025730A00443A5C436F64655C717765729A
:101440005C4D6964646C6577617265735C5468694E
:1014500072645F50617274795C4C7749505C73724E
:10146000635C636F72655C6D656D2E6300000000E8
:10147000706C75675F686F6C65733A206D656D2D74
:101480003E6E657874203C3D204D454D5F53495A72
:10149000455F414C49474E45440000006D656D5F16
:1014A000667265653A2073616E6974792063686558
:1014B000636B20616C69676E6D656E74000000007F
:1014C0006D656D5F6D616C6C6F633A20616C6C6F04
:1014D0006361746564206D656D6F7279206E6F74E1
:1014E0002061626F76652072616D5F656E642E00AB
:1014F0006D656D5F6D616C6C6F633A20616C6C6FD4
:101500006361746564206D656D6F72792070726FB0
:101510007065726C7920616C69676E65642E00007D
:101520006D656D5F6D616C6C6F633A2073616E69A0
:10153000747920636865636B20616C69676E6D65A3
:101540006E740000417373657274696F6E2022259A
:101550007322206661696C6564206174206C696E19
:101560006520256420696E2025730A0069636D700B
:101570005F696E7075743A206D6F76696E67207260
:101580002D3E7061796C6F616420746F2069636DAA
:101590007020686561646572206661696C65640AC3
:1015A00000000000443A5C436F64655C71776572CB
:1015B0005C4D6964646C6577617265735C546869DD
:1015C00072645F50617274795C4C7749505C7372DD
:1015D000635C636F72655C697076345C69636D70BF
:1015E0002E63000069636D705F696E7075743A20D8
:1015F000726573746F72696E67206F726967696E66
:10160000616C20702D3E7061796C6F616420666141
:10161000696C65640A000000636865636B20746828
:1016200061742066697273742070627566206361EC
:101630006E20686F6C642069636D70206D657373D4
:1016400061676500417373657274696F6E2022254E
:101650007322206661696C6564206174206C696E18
:101660006520256420696E2025730A00443A5C4396
:101670006F64655C717765725C4D6964646C6577F5
:10168000617265735C54686972645F5061727479E9
:101690005C4C7749505C7372635C636F72655C6924
:1016A0007076345C6970345F667261672E63000027
:1016B0006E6F2070726576696F75732066726167F0
:1016C0006D656E742C2074686973206D7573742059
:1016D0006265207468652066697273742066726141
:1016E000676D656E7421000076616C696461746574
:1016F0005F646174616772616D3A6E6578745F7082
:10170000627566213D4E554C4C0000006970345F97
:1017100066726167282920646F6573206E6F74207C
:10172000737570706F7274204950206F7074696F98
:101730006E730000441F010800000000000000005C
:10174000000000000000000000020000180000007F
:101750000000000000000000002001080000000060
:101760000000000000000000000000000002000077
:10177000080000000000000000000000501F0108E9
:101780000000000000000000000000000000000059
:10179000000200000800000000000000000000003F
:1017A0000820010800000000000000000000000008
:1017B000000000000002000008000000000000001F
:1017C00000000000102001080000000000000000E0
:1017D00000000000000000000002000008000000FF
:1017E00000000000000000002820010800000000A8
:1017F00000000000000000000000000000100000D9
:101800000800000000000000000000005C1F01084C
:10181000681F0108741F0108801F01088C1F010840
:10182000981F0108A41F0108B01F0108BC1F010870
:10183000C81F0108D41F0108E01F0108EC1F0108A0
:10184000417373657274696F6E202225732220665E
:1018500061696C6564206174206C696E6520256423
:1018600020696E2025730A006D656D705F6D616C77
:101870006C6F633A206D656D702070726F70657269
:101880006C7920616C69676E65640000443A5C4362
:101890006F64655C717765725C4D6964646C6577D3
:1018A000617265735C54686972645F5061727479C7
:1018B0005C4C7749505C7372635C636F72655C6DFE
:1018C000656D702E63000000417373657274696FFB
:1018D0006E2022257322206661696C656420617424
:1018E000206C696E6520256420696E2025730A00CE
:1018F000443A5C436F64655C717765725C4D696402
:10190000646C6577617265735C54686972645F507A
:10191000617274795C4C7749505C7372635C61707E
:10192000695C74637069702E630000006661696CA5
:10193000656420746F2063726561746520746370E0
:1019400069705F746872656164206D626F78000011
:101950006661696C656420746F206372656174658B
:10196000206C6F636B5F74637069705F636F726527
:1019700000000000417373657274696F6E20222548
:101980007322206661696C6564206174206C696EE5
:101990006520256420696E2025730A007379735FC2
:1019A00074696D656F75743A2074696D656F7574CF
:1019B00020213D204E554C4C2C20706F6F6C204DDB
:1019C000454D505F5359535F54494D454F55542031
:1019D000697320656D70747900000000443A5C43BF
:1019E0006F64655C717765725C4D6964646C657782
:1019F000617265735C54686972645F506172747976
:101A00005C4C7749505C7372635C636F72655C74A5
:101A1000696D656F7574732E6300000041737365A3
:101A20007274696F6E2022257322206661696C656D
:101A300064206174206C696E6520256420696E20C5
:101A400025730A006E657469662D3E68776164646B
:101A5000725F6C656E206D75737420626520362030
:101A6000666F722065746865726E65745F6F7574F9
:101A70007075742100000000443A5C436F64655C3B
:101A8000717765725C4D6964646C657761726573CA
:101A90005C54686972645F50617274795C4C774918
:101AA000505C7372635C6E657469665C65746865CE
:101AB000726E65742E630000417373657274696F92
:101AC0006E2022257322206661696C656420617432
:101AD000206C696E6520256420696E2025730A00DC
:101AE000443A5C436F64655C717765725C4D696410
:101AF000646C6577617265735C54686972645F5089
:101B0000617274795C4C7749505C7372635C636F8B
:101B100072655C697076345C6970342E6300000015
:101B2000636865636B20746861742066697273749E
:101B300020706275662063616E20686F6C6420732C
:101B400074727563742069705F68647200000000CD
:101B5000417373657274696F6E202225732220664B
:101B600061696C6564206174206C696E6520256410
:101B700020696E2025730A00443A5C436F64655CFB
:101B8000717765725C4D6964646C657761726573C9
:101B90005C54686972645F50617274795C4C774917
:101BA000505C7372635C636F72655C7564702E6306
:101BB00000000000636865636B20746861742066D0
:101BC0006972737420706275662063616E20686F3D
:101BD0006C6420737472756374207564705F6864DC
:101BE00072000000FEE7FEE7FEE7FEE7FEE7704753
:101BF00080B500F02FF8F8F7E0F9012803D0BDE830
:101C00000140FBF76BBC01BD0420F6F765BB0A4839
:101C1000FEF706BA0948FEF703BA0948FCF702B80E
:101C20000848FCF7FAB90848FEF7FAB90748FEF782
:101C3000F7B90748F6F7E1BD00BE002060BE0020FE
:101C400090B90020D0B9002040BD0020A0BD0020E8
:101C5000283D0020024A51681078411851607047B1
:101C600048000020417373657274696F6E202225ED
:101C70007322206661696C6564206174206C696EF2
:101C80006520256420696E2025730A00443A5C4370
:101C90006F64655C717765725C4D6964646C6577CF
:101CA000617265735C54686972645F5061727479C3
:101CB0005C4C7749505C7372635C636F72655C6EF9
:101CC000657469662E63000010B50C490C4C0868F9
:101CD00040F00100086000238B600A680948024058
:101CE0000A604C6000220B68074823F480230B60D5
:101CF000CA604FF00061016010BD00000038024072
:101D000010300024FFFFF6FE08ED00E000000000A8
:101D1000000000000102030406070809417373650F
:101D20007274696F6E2022257322206661696C656A
:101D300064206174206C696E6520256420696E20C2
:101D400025730A00443A5C436F64655C7177657281
:101D50005C4C5749505C5461726765745C6574688B
:101D600065726E657469662E6300000080B50D4B68
:101D70007B4430330C4A7A442E32934203D00B49D1
:101D8000AFF3008002BD8DF80000012269460120FA
:101D900000F00EF8012802D19DF8000002BD4FF0BE
:101DA000FF3002BD5CE2FEF758E2FEF7BC00002007
:101DB00080B5002802D400F003F802BD002002BD67
:101DC00080B5002901D1002002BD012801D00228E0
:101DD00002D100F004F802BD00F011F802BD30B5E8
:101DE00083B00C0015000120FEF77EFA00900194EC
:101DF000029569460520ABBE281A03B030BD18B560
:101E000083B00300140000930191029469460520F9
:101E1000ABBE01221900201AAFF3008004B010BD40
:101E200030B4002412E050F8043BDA0744BF4B44BE
:101E30005B1E091F042943F8044BFAD21A468D078A
:101E400044BF1C80921CCB0748BF147050F8041B81
:101E50000029E8D130BC704710B5034A7A440832F3
:101E6000024C7C44A41D03E044000000600000001C
:101E700004E01168101D114488470246A242F8D1BF
:101E800010BD0000FA0000008F370008E8030000D2
:101E9000CD730008E8030000D1B8000860EA000034
:101EA00027C10008F401000079C2000875FFFFFF98
:101EB000A0C0000010010020000000004F0FFFFF35
:101EC0008C020000660100000000002000F00DF808
:101ED000002801D0FFF7C0FFAFF300800020AFF370
:101EE0000080F8F70DFE00F002F80120704700F0C6
:101EF00001B8000007463846FDF748FCFBE7000044
:101F00000548014603B4684680F30988AFF30080B2
:101F1000AFF30080FFF7DAFFA5EDF5FE38B5054613
:101F20000C462046FFF722FFA04218BF0025284696
:101F300032BD00000148804701480047C91C010824
:101F4000011F01084144435F6461746100000000A7
:101F500065746865726E65740000000020000400FE
:101F6000BCBA002064C100209800050038A30020FE
:101F700068C100201C00080078B300206CC100205C
:101F8000100010007CAE002070C100202000050071
:101F900050B8002074C1002018000F00D0AA002003
:101FA00078C1002010000200F4C000207CC1002095
:101FB0002C0004009CB7002080C100201000080005
:101FC00040BB002084C1002010000800C4BB0020DA
:101FD00088C100201000050070BF00208CC10020C7
:101FE0001000100080AF002090C10020600210009F
:101FF000146E002094C100200000000000000000CA
:102000006D6F646275730000466C61736800000058
:1020100044696F6400000000000000000102030436
:1020200000000000FFFFFFFF524D5300FFF7FEBF0F
:10203000FFF7FEBFFFF7FEBFFFF7FEBFFFF7FEBFD4
:10204000FFF7FEBFFFF7FEBFFFF7FEBFFFF7FEBFC4
:10205000FFF7FEBFFFF7FEBFFFF7FEBFFFF7FEBFB4
:10206000FFF7FEBFFFF7FEBFFFF7FEBFFFF7FEBFA4
:10207000FFF7FEBFFFF7FEBFFFF7FEBFFFF7FEBF94
:10208000FFF7FEBFFFF7FEBFFFF7FEBFFFF7FEBF84
:10209000FFF7FEBFFFF7FEBFFFF7FEBFFFF7FEBF74
:1020A000FFF7FEBFFFF7FEBFFFF7FEBFFFF7FEBF64
:1020B000FFF7FEBFFFF7FEBFFFF7FEBFFFF7FEBF54
:1020C000FFF7FEBFFFF7FEBFFFF7FEBFFFF7FEBF44
:1020D000FFF7FEBFFFF7FEBFFFF7FEBFFFF7FEBF34
:1020E000FFF7FEBFFFF7FEBFFFF7FEBFFFF7FEBF24
:1020F000FFF7FEBFFFF7FEBFFFF7FEBFFFF7FEBF14
:10210000FFF7FEBFFFF7FEBFFFF7FEBFFFF7FEBF03
:10211000FFF7FEBFFFF7FEBFFFF7FEBFFFF7FEBFF3
:10212000FFF7FEBFFFF7FEBFFFF7FEBFFFF7FEBFE3
:10213000FFF7FEBFFFF7FEBFFFF7FEBFFFF7FEBFD3
:10214000FFF7FEBFFFF7FEBFFFF7FEBFFC00020177
:10215000031CFB002F8000400020001000080080BE
:102160000002000100000C0240000C0240000C02C2
:1021700040000C0240000C024000040240000C022F
:1021800040000C0240FC00FCAAFC000001F9000029
:1021900010FC000124F4E700016E19FD0000C0F6F8
:1021A000000001FD001BD2560008D2560008D2568E
:1021B0000008D2560008D2560008D2560008D2565F
:1021C0000008F8FF0B8A370008D2560008D25600E4
:1021D00008FAFF15000002040101C4BF002014C06A
:1021E0000020C4BF0020C4BF0020FC0003C4BF0007
:0F21F00020FB0006010020EC000020E000F7FFBC
:0400000508011F01CE
:00000001FF
